[RUN #0 5 5]
-712 -25 -496 -244 -525
312 789 211 668 -901
477 637 781 81 -663
454 244 -156 -691 -812
-635 872 476 -993 35
[RUN #1 5 5]
266 -471 370 171 -913
896 631 -650 974 -783
703 405 18 -29 -544
-608 -206 -634 939 -564
-761 -856 -507 -988 195
[RUN #2 5 5]
-624 -97 -727 537 -651
292 -975 904 -670 780
-695 743 -421 148 214
-403 -779 -985 365 702
-374 101 -935 494 -229
[RUN #3 5 100]
-116 239 681 692 721
-349 -128 242 -42 -82
443 506 -905 931 -657
-125 -319 70 -161 937
-299 305 40 -439 413
-711 -412 322 -843 -132
578 797 -506 525 -703
187 74 224 605 -407
262 -611 807 416 822
-935 -428 -418 -998 -962
-237 686 285 -984 -918
-695 709 984 -179 -814
-409 21 698 -203 619
905 968 -973 -453 -597
-39 822 -495 -344 -25
-346 864 -440 -871 -556
-618 -45 -576 -685 -194
-694 -87 706 720 -695
402 -46 756 876 64
196 629 -328 -464 -689
564 122 -36 343 -970
-782 822 -230 531 38
449 606 -14 -87 400
257 533 -286 948 -507
882 547 -63 40 647
234 -332 -328 370 -838
389 -590 -904 -745 -632
-841 -434 249 746 -114
-695 486 154 736 13
245 -986 -449 -744 916
-632 -163 814 48 979
395 -655 948 -569 603
292 -868 -759 904 -992
-680 434 -779 0 -204
-355 -137 970 838 842
-359 -356 -528 -788 -691
-811 298 -948 292 -373
363 661 931 139 -138
-15 475 -112 835 48
-309 696 611 363 43
367 -602 705 930 403
102 -600 -483 -265 -713
46 763 81 -195 25
549 319 -349 582 -385
19 180 -272 889 -198
-227 -186 554 -506 -962
568 -63 228 619 177
-275 -580 273 190 -547
-701 -459 760 -210 -718
-595 -270 -948 276 -372
-542 -332 366 83 492
282 707 -140 -142 -254
466 -388 -364 -988 868
842 -63 -820 488 519
-485 -419 -297 482 -350
-631 -81 -814 880 945
146 263 71 -378 -949
-422 729 985 -208 93
-153 354 -280 -755 -222
-366 365 824 499 -228
-382 634 600 372 -200
800 94 487 806 652
-616 -13 535 756 -247
667 499 862 840 986
-264 -918 762 -911 -342
-413 -359 219 -391 -332
516 -76 598 1 124
-616 -13 42 -843 309
-200 -620 -674 718 399
451 -579 493 -144 67
-388 -987 -413 -882 327
-559 111 -150 430 683
-372 -127 304 689 -424
-355 -786 860 268 55
240 -330 898 -394 840
-324 288 302 810 -381
100 -521 915 90 -786
327 667 -72 -307 -881
-723 -224 295 -325 -913
434 -935 622 555 864
526 205 429 -203 633
193 -550 646 -369 -568
-715 -232 580 146 299
935 221 432 404 -173
-680 325 -538 352 -539
-283 -360 927 605 212
410 55 -79 574 -613
-832 -585 87 930 -42
-267 377 -308 -103 -246
928 -96 -504 -894 103
-560 -646 393 -873 305
975 292 -153 53 -217
580 -205 -766 502 115
-12 -795 476 -892 507
272 -994 21 119 453
-862 -71 392 254 316
948 -407 732 669 815
-475 27 -95 965 748
-907 -486 705 20 95
815 -489 868 316 468
[RUN #4 5 500]
-477 255 -302 -732 -503
-701 -821 -237 488 -474
753 678 -163 -632 -162
-277 132 -980 -238 -43
782 -105 -20 -948 -629
-954 -605 -359 -156 -316
-784 602 -480 625 491
478 -309 -611 425 -953
-724 894 -467 -522 408
16 363 -454 -827 825
-967 -56 -119 725 702
-96 -771 114 -807 -614
381 664 252 -772 -608
735 291 19 -620 -519
-710 -683 -679 512 -309
127 592 544 917 512
958 -920 219 70 -532
-768 868 -688 -513 265
-447 96 -849 763 810
230 -744 344 -785 -568
-578 -627 133 -472 207
-71 -956 400 -508 432
789 915 867 -32 -845
-461 302 -687 691 -474
-862 -905 -721 -606 836
675 636 -933 647 486
-819 401 844 -80 519
206 314 105 -803 303
-208 650 -112 -816 737
528 562 711 128 -711
156 593 -377 -552 147
-745 -485 36 917 -616
-432 -613 894 290 -269
334 169 85 906 590
-182 -984 -594 115 -181
-12 -275 349 -587 -247
-847 814 -153 -173 -97
-81 75 944 348 660
17 830 683 894 278
877 65 -450 426 802
-459 -36 395 -840 111
-813 832 -284 -630 -489
179 306 -185 -940 223
674 297 694 707 -979
-437 918 646 -943 551
755 109 294 -144 404
937 255 -421 574 -733
972 -751 -147 -936 17
100 -726 916 -583 814
638 -783 831 888 -241
-742 -732 -236 479 193
763 -431 -507 213 886
102 512 52 -95 848
-297 654 328 325 925
-946 -137 657 -421 -257
-427 -191 -458 -472 -452
607 -10 92 685 297
-474 214 158 658 803
-387 -657 -10 752 -873
-657 -324 -737 432 96
263 241 -188 -694 865
-923 879 396 320 56
265 -999 -758 -814 851
258 128 -593 921 325
-843 -461 -345 -866 -158
-666 -839 150 -785 30
-749 -521 394 -341 501
282 225 843 -961 567
-769 447 697 80 95
-931 -786 -921 -899 993
-815 376 246 -70 -386
821 143 198 -561 179
-787 139 -202 912 -629
153 654 138 910 -506
-598 130 -430 -10 627
-763 -478 401 244 -127
-270 -58 -998 -807 866
-538 39 -63 638 -88
-320 -647 -872 318 278
451 -860 964 722 -592
-118 733 -120 762 875
123 -374 -172 436 880
-815 -666 -908 622 678
-799 416 512 987 382
131 382 -880 -317 -870
-321 475 -381 723 688
-660 -725 313 981 -591
-800 -992 -513 -888 643
-250 671 -932 459 -967
-12 -456 -590 229 -123
-614 -116 138 -620 118
677 -511 -7 460 -957
-291 -396 -476 -337 -102
990 -881 -666 257 -378
560 180 728 -112 185
-181 -277 948 -104 -539
460 339 -150 201 516
-286 602 -377 558 -542
-481 -647 100 -398 -991
-439 -715 -56 -591 273
618 945 369 603 -185
-546 -367 739 -291 102
-888 -189 -966 689 118
89 765 93 336 90
-609 345 -576 -813 -673
-679 -67 193 -92 -416
-537 500 776 889 -122
-85 349 20 571 621
675 -702 302 -612 599
288 -570 955 880 -974
259 671 55 617 148
867 456 840 -803 357
-861 -955 668 -230 -691
-236 510 60 -549 -853
616 160 -824 -197 -300
79 -986 215 628 -565
-788 896 326 -968 -152
426 -967 -879 -103 -470
200 -744 -941 401 27
506 -388 195 451 -942
314 966 -328 832 19
-432 307 197 -25 777
320 -639 876 -460 -828
-91 -257 -848 812 -277
-127 -62 58 3 -377
-29 107 201 -298 -115
911 880 85 404 68
717 520 244 -970 -484
795 -662 13 -328 818
-507 -337 615 768 685
-423 230 -670 -759 220
-867 -981 922 -652 -864
110 461 -466 992 -88
-988 952 145 -440 -977
840 153 631 319 -331
717 853 -434 -769 -42
536 726 231 909 694
-996 -777 392 -41 993
-34 -434 -131 -552 -685
168 292 4 -748 225
-664 -778 -486 -740 -375
-892 -753 677 -670 -293
107 -96 -870 -516 -756
-696 437 -877 944 -786
498 303 71 -960 -926
38 77 -973 -210 -267
859 476 16 -370 -406
451 -518 -376 733 -647
902 182 578 -709 -559
-37 165 -917 -670 -713
927 -867 360 512 -965
603 405 -26 761 -119
-628 619 417 -93 463
-151 213 -494 646 871
297 -188 141 206 492
486 -812 377 -975 441
550 -629 695 646 -428
8 -498 147 731 -349
-848 -631 257 -397 -163
-733 -114 -588 758 897
-999 132 -942 318 -567
-913 877 -749 -993 -15
-133 237 95 -433 23
786 990 -228 559 731
624 179 -792 -182 629
-432 353 872 -571 -841
-882 135 -777 -73 -336
741 27 823 726 508
862 -384 -125 680 311
-918 -949 996 -101 -591
331 278 -418 -478 872
-181 -364 -995 -32 695
202 625 -54 -413 -418
376 52 458 606 -147
-438 -766 534 323 206
-313 -902 -680 315 878
-239 892 -65 -969 890
61 -764 629 617 34
599 -108 -737 -882 118
-282 -411 305 104 -425
825 316 868 -871 189
-950 197 740 261 -769
990 -909 -771 909 -503
-629 492 738 -885 152
-311 -505 -38 435 -527
-366 -864 -304 390 -111
208 -556 -80 680 872
515 684 375 350 -79
-442 -300 -6 133 -239
490 335 499 -270 884
319 803 822 -371 572
541 88 780 937 -714
257 -583 -547 763 627
-389 -56 -803 719 -119
-44 -982 585 81 310
-110 249 315 537 731
-517 987 869 72 -413
-315 108 971 -203 396
926 -252 -162 749 124
27 -814 -110 783 -560
474 -517 -953 749 -421
854 -519 -281 -367 404
103 308 -430 -652 486
-962 -6 -813 299 141
954 -57 326 175 594
-452 -529 -53 -251 -76
995 637 -445 -294 -986
806 -286 -881 24 742
-733 -185 -727 435 3
811 -546 101 -136 282
950 831 -513 -884 899
62 -46 -788 -176 950
-729 -686 545 668 -254
-584 421 207 117 922
-402 -910 624 -136 -32
204 -60 210 -813 -758
351 85 454 189 -658
-916 381 -140 -711 59
770 -838 -858 -579 -826
854 998 672 830 404
352 -15 -202 -186 -958
363 386 -335 498 424
703 -12 546 -53 44
-205 565 619 -335 268
-37 -969 -710 12 610
-676 283 -216 186 -819
-187 871 293 340 -232
-679 434 -514 -235 977
498 14 468 -415 776
-697 484 -890 -197 632
-656 682 758 727 888
-252 572 -570 1 -900
-865 -933 105 246 -165
840 -816 -774 966 -126
371 281 307 -110 -507
397 575 250 -962 -625
-55 340 642 200 -331
403 84 -764 534 550
120 76 -174 290 552
-73 350 -670 -248 725
-986 -81 -665 289 -17
560 843 -867 612 22
763 381 -328 696 345
124 -687 -157 68 -735
273 -232 -107 673 674
176 570 -192 380 -511
-444 42 166 765 167
-756 -845 442 60 301
-725 -127 812 -134 -197
280 -205 1 355 551
973 -186 -415 -125 888
169 248 -5 -131 -693
906 110 -650 381 797
-968 -21 -705 -59 -804
592 -675 292 -673 616
544 -652 -661 445 211
555 488 603 381 -307
-51 448 -816 -855 -910
-897 -54 451 117 -687
257 -311 731 -89 -283
-447 151 565 -895 -83
-387 -179 639 -796 20
318 345 -906 786 209
841 -251 319 102 994
-74 948 968 11 315
-820 -822 778 263 -138
-783 182 -274 -663 -730
-753 -141 75 -957 -634
963 -782 896 -161 -936
861 -868 226 -984 547
813 -516 676 313 52
-431 -492 294 147 182
-403 486 519 -17 -752
256 -916 -803 -212 536
724 233 767 -548 -957
271 -443 -29 609 816
-355 -193 325 126 -339
750 -309 -286 261 39
-895 812 981 -302 924
524 464 -190 199 -949
-913 913 554 475 215
-833 -45 804 -892 -401
-18 -352 958 109 -72
143 591 -553 -161 -71
-520 184 943 -464 855
290 -191 -797 -618 -442
-510 -301 -830 755 -463
-582 833 -525 -483 800
314 -251 604 724 -267
-848 -455 986 -629 -402
-892 884 -223 296 -379
-590 460 -846 320 708
-619 326 -502 572 426
-794 -43 -881 938 391
922 -153 -764 -215 -148
-853 22 -717 -266 -622
10 -434 863 -875 -249
200 -429 -929 -114 10
-120 295 -367 -35 -572
16 -179 488 951 871
-862 189 -438 -3 515
541 174 67 23 -962
587 -368 421 -911 -460
-638 295 -147 -630 -291
350 498 892 -829 -921
266 -556 -953 -458 233
-183 -844 83 -493 -771
-395 664 526 192 436
995 999 395 -545 605
-63 -832 -342 263 846
903 -945 -426 -49 -664
552 -682 -575 208 100
78 -840 675 -101 370
919 188 974 -918 -192
-641 -508 -324 -650 -76
720 -42 -405 613 -998
-579 59 500 854 -657
-50 -240 -203 -39 154
-718 -280 -750 -801 -794
-859 721 876 -452 505
996 752 -96 -955 725
95 932 -553 -72 226
-49 433 446 828 -587
871 -446 875 349 -692
-943 -785 447 409 75
-491 239 463 -63 -163
952 -111 -731 401 -683
-29 746 -762 -477 -937
-745 -173 -667 140 -672
-809 975 -566 501 507
-742 -293 779 -695 -794
-408 -953 -933 -579 -551
-933 673 15 323 326
-182 -598 -451 -653 -328
-818 -825 -572 788 -933
-234 971 17 -20 948
286 186 196 452 -904
270 352 90 -36 194
-228 -277 -879 439 991
-188 -465 772 -415 -202
561 -989 604 964 -713
514 -884 874 -879 63
-86 -264 -876 -109 -808
517 -810 -789 -644 -717
908 -776 934 -357 394
-409 35 -591 67 -189
362 65 420 -322 615
381 -846 -74 34 375
-531 -886 591 471 692
830 -788 -43 347 -971
-331 -181 -313 106 928
-277 -849 475 399 -11
129 921 152 -604 -124
116 769 -345 -83 -938
673 927 -107 -314 234
864 67 -750 -157 -387
-438 401 -100 -578 -630
-77 140 -969 -892 -309
905 713 358 164 207
-692 40 -69 -764 453
-191 498 -671 140 834
922 28 195 126 188
-954 -427 72 280 -868
202 -281 516 -784 136
-378 622 599 526 543
296 66 129 798 -751
-708 -455 -695 -279 174
-497 792 -725 -288 670
-800 -328 -772 -242 -177
-232 -307 708 940 390
-841 -987 744 393 536
539 560 785 -856 192
524 -233 -521 -133 914
-25 -773 921 -646 432
264 -70 -783 -916 361
-17 -63 882 -61 412
832 747 57 -903 411
972 -831 859 810 613
-302 588 -609 77 -188
-491 48 -429 531 -634
-33 -140 -801 -724 -776
181 170 20 -638 369
-906 -912 -228 503 -613
-616 -725 -939 191 82
241 -68 283 -829 653
-271 718 -499 -153 -860
811 151 -241 474 428
-46 -159 -350 -514 385
557 -220 199 259 -682
907 5 -221 857 -921
129 127 -742 240 -391
-417 -594 522 -910 856
-941 460 308 -101 -80
263 855 -415 890 913
-506 850 271 -566 -217
645 400 -447 -931 -448
-803 934 933 -891 741
-962 -228 127 995 575
-307 -330 909 -867 -730
830 -268 -704 472 862
-262 -582 -379 -206 -752
387 -553 823 903 275
44 161 993 -918 -185
922 89 -701 176 723
-380 832 99 -808 -305
123 -778 833 -922 -255
-144 -560 572 -114 -759
-729 -86 -508 194 792
123 -217 -349 837 -35
-926 961 -224 -147 882
819 -692 -488 -637 745
-870 334 -114 -821 -257
-450 15 397 140 -987
-499 418 -780 710 212
21 431 330 759 -135
673 976 478 745 -764
388 245 178 -509 -572
-190 -304 -929 -639 -57
-583 -446 84 -1 411
109 -591 -747 -194 -598
373 439 839 816 974
264 -893 636 754 -598
-914 -290 829 -409 133
-131 -553 719 822 280
908 228 -292 -432 -900
-247 -171 235 148 -18
-861 163 -289 -914 480
606 358 937 744 470
-538 5 -546 846 -916
-395 6 -640 601 -819
105 -360 65 531 749
-652 -326 455 -915 348
-685 -266 297 -211 -561
456 -152 -89 -838 15
-179 826 130 273 577
690 541 -505 155 -470
-155 -420 207 828 374
18 -179 -661 435 230
-523 -466 -709 -257 -102
828 -2 291 -664 -469
-517 -883 -664 -21 -825
946 81 697 990 -182
-720 -283 687 -258 -559
-669 -217 791 141 -101
-707 893 -961 -658 -978
-905 -410 -626 -171 212
404 -651 -329 38 309
-811 -110 824 978 551
89 826 -529 -266 -811
-286 -698 752 -956 -879
-124 124 530 -29 -320
251 -86 358 412 757
456 980 -860 447 -69
-257 -528 527 -881 -389
-732 -577 -109 557 -968
-602 773 -6 860 791
-326 -23 -309 -262 -868
-112 482 658 115 -546
477 -647 453 5 869
-112 970 -346 580 -301
336 -149 780 -267 -506
-765 -685 -48 424 -752
67 -113 93 699 569
-237 -406 -53 455 166
652 -574 718 -353 -393
-511 -151 -616 -412 281
-55 -54 434 -218 -355
840 152 689 928 582
955 -820 876 -730 -251
889 -760 801 322 -478
697 -561 -454 233 252
383 900 -224 118 541
991 647 -14 -302 -873
18 342 423 -838 837
-135 -735 605 -886 -167
-932 87 -881 688 634
-71 -39 987 279 -567
[RUN #5 5 100]
-490 17 -990 -142 905
-23 221 -885 460 198
-361 199 656 -528 677
-53 -466 -646 -245 595
-935 -838 -854 -702 172
-260 206 395 -310 -750
-437 -485 988 19 -767
996 -953 208 416 -23
197 808 -417 731 1
393 -864 -750 988 -363
-87 754 -208 215 -42
765 796 622 316 -798
472 -535 -231 449 -979
844 163 866 -995 623
250 -41 -186 -206 385
130 -970 949 887 660
71 -367 93 97 -993
686 187 -881 -415 54
557 -250 -356 -29 -128
-445 260 -78 733 677
-141 131 781 430 829
-739 832 -282 376 -596
-312 -72 888 534 -700
-933 -809 722 -604 622
230 479 -966 -971 -245
815 -810 59 -338 297
-414 -587 977 -158 649
-955 988 -399 -400 -236
482 210 576 -735 -329
294 448 -276 268 765
-482 676 94 725 300
656 707 -31 590 -701
-260 813 -679 628 -806
-304 -49 523 300 872
997 256 562 -383 546
364 -263 -934 936 167
403 666 220 724 -666
644 -530 -842 -529 -972
-703 572 -715 718 -320
536 265 -719 -322 -849
-708 -352 362 456 -822
-914 -931 -271 -964 -84
923 872 -623 702 -733
950 123 938 946 135
462 -925 -108 -352 397
76 -585 -853 -977 558
-922 -185 -932 421 823
672 372 -723 331 449
-786 -169 -570 979 -496
37 -628 -840 381 517
-983 873 406 -859 -941
570 -222 -812 -423 813
-524 556 737 121 784
-740 159 385 889 555
-575 -333 -826 -509 -191
317 -133 -423 494 -243
278 -605 -487 503 -195
412 -189 977 229 580
619 548 603 -289 305
-238 -960 646 674 817
-375 -881 -971 -655 697
284 -512 713 310 751
-420 -709 86 183 -757
-228 600 -460 371 -831
-894 -796 -141 -601 -488
329 732 154 986 774
618 -477 381 -100 -297
-615 137 -458 -756 446
402 634 713 -896 -667
825 962 -565 -979 -555
579 -132 -236 -178 558
-515 86 261 -668 283
458 -847 537 -773 584
257 -37 784 -543 515
879 821 466 -865 -426
-661 -567 281 -298 -504
-979 -395 266 -939 -184
52 689 -850 -278 -17
713 873 974 362 -943
-144 249 702 -621 227
420 -487 -2 349 -614
-838 -615 -13 542 -53
759 618 -185 -843 41
-591 925 -825 228 17
904 264 255 933 -778
-569 754 -754 -8 958
907 612 337 -929 635
-193 -15 -640 -14 837
380 -564 247 928 -381
-813 -513 826 451 -471
102 -782 314 324 552
-372 -493 -866 -256 -565
-358 -89 -653 -373 866
397 -460 229 -783 -933
-504 -564 585 -401 978
956 -60 993 -234 115
113 399 -564 966 -302
-137 734 -143 -246 824
295 -946 130 -784 871
130 654 -883 737 297
[RUN #6 5 100]
-727 -896 -861 370 -233
843 -373 -739 288 -646
377 -717 196 -638 127
932 -332 382 -595 15
-246 -678 -971 212 99
873 568 -348 -521 441
-838 237 -503 -307 -728
538 -724 781 -644 -58
-171 -725 -932 -801 -140
-791 204 687 30 -349
-961 -62 337 69 -272
509 -952 -27 -323 -159
407 327 604 972 717
-294 -687 668 287 155
682 515 542 -114 -767
450 525 -438 29 549
-280 250 883 -591 -478
546 -33 726 253 -787
348 642 107 906 543
-951 -638 -196 -399 -503
-717 -537 -508 -828 329
988 -100 669 -274 -519
369 205 -523 229 469
-854 328 496 15 108
-526 771 -712 924 -688
329 750 -955 144 844
-62 373 -715 466 557
649 317 779 -271 727
105 460 941 605 386
88 -266 264 219 -438
-910 240 797 -757 -641
558 527 451 -926 655
185 -692 -118 814 624
730 -396 640 -321 287
-630 -289 337 67 756
-602 453 923 253 -879
-757 -272 269 -843 -269
-338 -185 -763 -612 -455
792 391 866 -485 -573
-337 -945 223 -931 -906
-765 -441 -670 -415 438
692 -278 518 902 118
727 900 -895 949 835
326 -708 711 -819 -504
808 220 -603 -406 -255
-235 -90 798 75 -443
-800 -680 851 258 883
-896 514 986 734 373
-961 467 -169 565 10
320 -308 574 208 -677
138 874 -561 -874 398
-745 644 952 -356 721
-167 -844 -570 -640 -316
-51 504 470 -108 509
975 -907 153 943 339
470 858 814 109 -852
-663 245 677 693 -205
-585 -332 -873 184 133
446 217 -511 -74 -821
-369 772 -677 -842 903
537 -90 453 597 302
225 -617 -303 -954 -436
-526 -74 466 -746 80
897 777 -28 -884 -784
-139 -294 -770 -919 12
-850 830 -787 -490 -258
-967 776 -672 -984 -784
-77 -952 -777 -896 28
901 316 162 355 -574
-901 -635 -663 -454 666
-914 852 880 -376 -896
347 726 752 392 523
-813 544 727 720 -112
-712 -213 745 19 -37
-43 888 -211 -36 496
-723 -360 989 187 164
278 -243 -755 -766 -461
556 -5 -926 -650 832
916 294 333 841 -319
-392 -790 -976 663 510
517 -164 -993 728 409
750 174 -268 74 934
518 62 -907 38 12
-273 947 -831 -544 -796
-843 -640 547 -258 -535
488 -664 -272 -314 -16
865 -274 581 712 195
442 -188 -804 499 -252
-692 301 -239 563 -190
-643 813 675 -687 390
998 -789 789 63 434
236 625 -825 136 149
14 -538 485 740 -170
768 -907 559 -684 -644
-456 556 -693 -765 -940
255 493 -551 -333 250
-973 126 154 -517 -859
-432 179 -297 -680 -772
-849 322 96 98 -784
982 691 683 -762 514
[RUN #7 4 100]
87 244 -906 14
514 -920 939 -51
-663 -379 897 618
-805 -95 -293 946
270 -182 930 918
-399 -279 -388 776
-480 -928 814 338
-255 584 -32 -579
181 552 -343 581
333 764 498 -293
-591 -86 70 -96
5 94 -359 416
743 -176 -804 -573
-81 554 -942 733
536 451 -478 -456
-315 969 242 -116
360 975 -426 -429
-520 -276 594 -477
469 833 567 -234
-115 136 429 19
280 -291 -561 -262
361 -999 847 711
364 -88 587 -547
-899 730 111 378
-785 -671 -418 -870
541 -300 -756 707
-825 -190 584 -453
-188 815 -194 -866
306 -859 489 -689
-15 -741 -190 -280
866 -439 -371 6
-142 460 -193 374
-433 825 653 -259
723 -47 259 -455
632 827 -984 533
540 307 -626 -683
622 103 900 837
709 -190 475 -816
390 752 -816 -180
10 752 433 -8
-682 -331 -292 655
-228 852 916 -259
-175 569 455 -470
-994 -392 -449 -127
955 138 800 -53
657 -364 422 627
802 -333 137 898
-327 -152 709 882
226 782 -62 558
-190 143 -893 309
-71 107 802 -106
-470 -975 -256 -793
-139 -586 159 41
-605 359 -967 -391
940 974 -295 -148
978 229 -552 -761
-309 229 -136 336
647 -979 967 -966
112 -573 -915 537
374 -436 425 -772
-100 805 -653 -569
-891 27 493 63
-718 759 -702 535
-105 90 -71 -55
115 393 -126 174
-194 -51 927 -785
-951 656 855 -474
-888 -608 364 -561
253 -240 -383 454
274 531 -781 -322
269 -952 290 -470
76 554 938 658
-889 277 -236 -393
-74 -376 -422 160
-119 439 -182 -547
-74 625 -581 -399
-722 10 -171 40
563 -181 326 630
853 -729 690 487
186 -46 -899 -419
746 149 195 -132
768 573 239 -164
482 1 -762 -828
-115 17 -952 154
700 -396 964 801
124 7 248 -79
43 -106 -177 -673
-134 840 -61 370
-922 13 245 -354
842 627 -2 623
75 879 809 385
-107 850 -570 79
-126 -509 -133 -967
-418 -429 752 448
894 -476 -322 -964
-664 824 -952 -322
-903 37 345 -214
15 625 587 -656
252 -790 -102 11
89 -196 -546 882
[RUN #8 3 100]
-841 -295 646
421 434 418
-579 984 -88
-812 -801 711
729 27 -440
-319 278 -806
790 -358 876
449 219 -186
134 122 -139
-687 -158 201
19 456 -822
838 305 7
356 -965 9
581 -230 42
285 118 446
645 21 -236
-322 127 661
-501 -245 -948
201 -456 -237
-574 -427 -985
728 -343 396
-900 218 833
632 -649 -926
66 75 -968
-594 461 418
-40 104 -288
182 -539 753
735 -819 -16
-864 900 -910
159 -412 292
-784 396 -840
-146 -243 -526
-828 778 -674
819 -272 -377
-148 734 54
-474 706 647
-736 587 -316
-574 -398 414
-217 -716 224
-505 -345 -702
438 402 935
127 -282 -772
621 -862 -174
981 -683 -734
-949 453 -637
-417 -276 -315
199 -330 183
665 964 573
859 561 -421
891 165 -913
787 -125 -314
-510 -869 483
232 609 -956
744 965 -826
825 -654 -794
-566 -573 -845
-142 434 669
938 814 -667
286 352 373
670 -392 91
792 -536 351
-994 -238 729
-919 -369 -354
369 613 820
-536 700 226
784 109 -548
715 120 -91
-777 885 -864
653 887 910
719 -240 -711
-382 -864 170
-430 -75 39
-504 975 215
-215 320 -134
216 809 623
145 229 841
-787 83 -854
-367 -547 436
-702 -505 -703
-529 786 420
-232 995 -948
-332 599 750
-585 -631 532
-5 810 980
170 -819 -47
828 -180 -602
979 526 883
10 -681 -115
-899 -972 141
-658 855 435
-673 705 582
-98 447 -414
-630 -92 -601
-847 -601 912
-155 427 -340
-537 989 -54
121 602 -35
-429 -199 419
-775 319 -673
313 -842 607
[RUN #9 3 100]
-842 -849 -131
-455 -680 621
73 -395 -161
22 -608 -675
661 -893 -235
188 503 -985
-643 -945 807
756 -700 677
-471 885 366
352 -770 -697
880 157 124
229 538 -315
829 -6 767
750 668 -493
-69 -770 -432
444 -459 -438
-676 191 -841
-811 -749 -310
-340 -813 727
546 -613 416
-463 549 -153
-698 -320 388
-263 326 -272
415 590 -325
-933 254 -602
946 -439 -543
-285 774 887
-635 -246 -153
-886 -30 -856
-635 146 -395
-298 530 950
703 -296 -216
-374 851 -292
-184 -682 796
567 726 494
221 862 480
755 -195 20
-287 327 -641
380 215 584
-845 -823 260
349 -547 -31
444 375 832
-109 -717 -534
938 -640 981
626 -773 -389
-633 -154 148
-735 866 -171
-610 106 211
136 -737 695
-926 100 266
-824 -496 552
411 -21 -684
-329 838 -291
-538 288 953
12 989 406
783 831 -954
-255 252 -666
-666 923 594
246 852 -122
-678 -557 -118
-353 -923 876
-878 -95 -27
-165 -294 52
-418 922 283
-520 710 -466
887 15 292
-88 -915 -874
667 953 -997
-32 693 259
721 -52 -109
-725 528 715
-673 450 -595
-338 -787 -415
-958 370 379
-13 525 -547
903 -704 -93
810 -88 -811
-940 -675 -12
-570 420 731
-793 -791 830
468 -793 657
151 585 695
807 759 617
-327 -942 -775
-616 348 -751
-615 975 -774
-132 -849 879
854 -830 -465
545 342 -302
-633 262 -407
878 -930 -901
545 -712 -856
-65 -21 843
613 334 773
245 -14 -278
-481 -252 -766
-687 -475 534
763 -890 742
176 -970 -753
-360 -467 -992
[RUN #10 5 100]
674 627 613 -783 -947
752 -204 -139 844 -268
-602 237 592 548 -70
572 710 355 -571 -862
-359 -376 -494 -413 985
642 -519 -135 273 357
-717 -563 94 582 415
555 594 -362 -173 829
132 -973 -710 -446 81
290 741 -612 845 800
414 296 774 -547 137
588 132 -330 488 928
471 853 -256 760 472
438 -553 213 25 843
-258 -444 255 643 -370
-130 681 -755 250 357
-727 -414 822 689 399
233 726 -832 -27 299
200 -224 293 -184 -964
447 375 -879 484 540
-878 618 -183 843 -57
144 102 549 525 761
-634 -448 -971 224 -485
-394 301 359 -842 -151
-638 387 -415 541 585
760 -465 372 -910 988
-286 398 34 886 -17
-267 -9 -975 675 244
436 137 -627 409 -187
172 95 793 19 -274
209 -661 -11 997 -563
44 -380 -559 819 -220
192 207 -810 194 474
180 657 238 789 61
623 270 -33 138 905
505 738 -705 637 101
997 83 425 771 989
-16 361 -918 -101 888
-10 786 -580 860 -653
-869 -338 813 247 -311
-203 -59 124 -460 866
-395 -355 516 730 360
-819 -824 -996 -908 323
-792 231 902 -131 -165
-108 567 -421 -377 124
-574 -761 420 219 181
-606 -409 249 -580 -876
-832 -361 299 -593 -86
170 590 -604 862 5
-270 -736 -474 -713 668
348 -199 -737 453 -595
967 843 -75 -985 289
-187 891 7 796 -335
-600 -756 -390 -277 618
145 953 266 120 704
217 -323 156 513 309
852 -605 -35 50 334
234 -94 -826 445 233
912 -584 660 210 -501
759 219 -776 120 376
-203 3 872 -150 269
-757 -658 -239 438 307
-721 106 -389 -638 380
872 -792 -801 -532 178
364 -317 776 -92 690
-425 -180 -218 885 -905
-965 466 -741 -897 883
-920 384 -606 242 143
76 739 454 241 -902
752 -810 -970 942 704
271 -710 698 898 -660
621 -704 -858 663 -590
-257 160 -580 -497 -935
-412 272 386 906 -953
968 -693 463 119 -546
-951 -433 -673 -32 -623
93 635 480 -208 -503
879 -818 352 -947 51
645 436 -465 489 586
350 -779 464 -137 -533
-61 -912 -796 735 958
810 264 -22 -982 -156
856 283 261 545 235
-717 745 -716 870 -319
-793 -841 88 -118 -969
398 -233 -629 -204 627
314 -288 473 -976 315
-399 496 -105 733 -451
-158 -266 713 507 -260
-621 -836 779 648 771
80 919 552 661 -174
510 -327 989 611 -23
415 38 481 27 450
-56 -67 -397 -361 -953
163 -860 -473 509 416
166 577 -386 390 415
-612 -668 -507 -20 -287
178 -198 -499 775 990
-797 745 497 244 49
87 -969 403 -34 -665
[RUN #11 5 100]
531 -60 855 -73 96
-321 -890 -655 -430 -386
855 508 -317 262 121
-133 -876 -929 336 -466
148 460 245 -505 755
-730 -410 497 -916 -401
-893 745 -241 -751 599
-874 824 246 -850 -583
-895 174 653 -392 -80
-373 404 -83 870 -708
61 -870 55 529 46
912 -640 11 -373 -524
98 -887 739 -549 -930
-795 -690 257 -894 460
-349 116 660 309 -491
-38 -231 -179 83 710
-783 -126 366 628 915
-776 802 345 580 -973
36 -107 902 717 -669
-430 157 -354 -846 743
-480 326 -627 -6 395
971 -582 149 673 -109
-549 797 663 971 966
126 -474 -221 -744 950
858 -539 640 312 -775
305 103 -97 -384 233
203 100 134 -952 548
-912 -221 875 -122 -348
-509 -993 -789 -75 387
-430 329 -464 -442 410
-713 -63 -653 21 161
15 59 -598 -292 115
-847 418 976 -727 -548
-742 607 -146 619 627
-797 618 645 -800 46
-766 -434 511 -849 -323
-12 -811 852 916 -338
-428 828 110 -217 216
783 506 678 -903 920
-36 -266 200 461 599
588 867 7 -766 -705
709 -547 459 -380 354
-961 451 633 589 941
983 -169 46 -918 695
766 456 -224 -797 14
312 -313 -428 561 -520
-626 712 898 -674 -772
-608 -923 219 -929 -559
90 156 562 -756 -234
-329 -600 -243 -952 408
-994 145 -98 -233 12
63 705 -152 678 -3
-394 737 -252 990 -534
527 280 987 -68 272
498 160 -889 58 162
86 -28 -607 423 495
513 7 -393 -784 905
877 644 -645 -189 303
-64 280 -144 -591 788
-392 499 -616 -749 631
314 826 -209 -365 -863
540 296 815 384 787
-474 996 836 -201 608
984 -639 -349 -904 -794
-235 789 196 -26 -320
-930 13 613 273 542
-704 682 234 -43 -899
337 -761 -493 90 -581
-915 -729 88 772 -878
-78 -242 471 -168 573
-379 710 -795 -743 -45
-492 998 170 -63 -250
-272 841 281 -786 847
-465 517 733 217 -348
824 -586 -101 948 969
-286 249 -531 -600 157
355 -561 -247 496 -921
254 -112 -702 -654 523
88 174 76 219 -745
-169 -431 -933 525 750
-700 202 167 782 -876
216 255 6 -195 372
717 -750 -355 -162 -351
-89 775 603 962 -119
96 497 -310 507 327
-967 -698 987 -20 480
777 -29 189 750 582
-950 -563 866 -472 -618
497 -683 915 956 -204
-970 -816 -763 -954 -195
133 -626 997 302 764
966 -307 719 44 29
-594 -336 -20 697 41
-19 258 -121 -3 -32
-88 421 889 -387 502
-578 543 -942 -139 -564
-693 -371 -581 -778 940
888 -669 -315 -901 2
363 -168 983 -661 410
202 496 -169 -835 615
[RUN #12 5 100]
-151 -872 269 -596 -135
622 -94 214 -522 485
-332 566 -157 -854 -463
-180 692 133 483 -225
468 -815 200 -243 721
730 -413 -891 419 53
676 310 -264 -22 -141
-309 -774 -933 -684 -443
-763 -377 -280 -987 486
641 -977 629 -810 -342
-583 -905 608 967 -118
297 348 -251 -502 643
702 197 -664 -151 542
-449 -99 843 24 -760
-314 486 993 666 -93
-269 -617 168 467 -84
-128 -576 398 416 -353
-715 -21 -617 -49 219
321 -252 -331 -652 572
810 -130 -761 -506 -938
-76 -818 935 -75 420
-187 -355 -813 481 -301
492 247 -407 224 -430
-854 -859 -195 -766 820
557 845 -647 723 -446
-176 -239 909 -791 -166
-616 -139 893 477 421
30 138 354 -154 771
-302 -339 987 -453 295
700 842 43 -544 892
37 -920 -6 594 -255
-343 -621 237 -523 800
236 -754 187 8 -271
681 -270 -341 641 -532
-498 -795 -391 -996 -556
543 505 -917 354 771
665 -971 655 -9 -476
-538 366 -26 -442 240
-876 -432 481 779 652
-368 848 740 -547 739
849 191 -685 -384 351
-766 -331 -345 751 785
465 -500 410 -698 -614
-975 -338 958 -764 602
754 -828 517 -344 -707
-124 507 -241 199 14
234 -914 -666 590 -404
6 -201 881 -867 413
371 -999 352 -437 -281
345 525 608 -300 241
544 -652 850 547 675
-285 699 957 590 514
-549 -739 -42 487 185
120 809 925 688 649
-675 848 462 -398 -39
-420 -421 -636 -521 674
-506 -96 -136 -87 -156
-656 -260 574 -916 246
440 -114 -24 -378 282
-197 474 660 -898 149
-716 -554 -556 505 51
-606 -378 -878 978 43
629 758 -214 -366 826
-351 214 -857 -609 468
-199 -223 -425 -429 3
-924 737 -293 -130 -252
164 254 -594 -941 -830
943 -647 -150 459 895
8 146 199 -177 -937
674 -794 556 -538 417
665 27 -298 481 455
-435 -607 -394 592 63
657 -896 473 -92 126
31 -367 123 791 -914
448 -459 -828 -156 297
401 -961 400 -459 -527
-144 -998 615 -877 -778
149 -794 -75 896 847
900 926 787 463 367
625 27 -523 -664 807
43 -655 -457 -2 -219
302 791 -25 936 790
111 -741 -119 634 -338
479 -920 928 397 186
798 482 59 672 34
-836 -701 416 -610 342
912 -860 691 349 -218
-905 277 394 442 840
619 -83 763 -256 -247
257 733 -527 -565 -328
499 397 918 -399 -398
31 -568 -608 -819 -401
-578 963 -170 217 388
-851 97 -387 -444 -585
-654 532 -774 -872 -344
-932 175 -665 633 -15
127 -264 761 -175 629
79 651 913 -189 688
431 995 217 -849 34
-110 -67 -717 612 37
[RUN #13 5 100]
637 387 35 16 -58
-862 262 72 -573 -432
29 -770 455 837 823
754 753 854 150 282
205 153 215 -778 105
158 -361 480 -678 -977
-893 482 -433 -536 792
78 -125 591 -600 651
-831 186 -945 -40 246
-876 -724 803 -54 789
-572 12 -223 3 -411
572 586 -404 -906 -779
973 592 840 82 326
393 -591 900 -907 -453
-192 997 984 268 -305
546 72 97 119 202
-913 -374 -323 265 -768
-242 606 -609 -901 -445
-412 402 887 -360 -243
143 532 403 338 -710
-974 -768 492 -826 -891
-566 -329 15 -283 -386
-747 284 -701 291 -68
290 -939 -106 -226 527
415 752 412 -481 552
105 150 -742 887 -147
-885 -248 -398 429 -139
-56 -719 -754 858 -123
-171 821 352 601 -622
296 -641 611 949 885
-70 -429 373 175 504
-30 -339 -686 5 -282
290 573 -334 -6 890
347 268 377 -807 -577
-734 -696 789 559 707
-418 -20 -609 786 -372
417 519 -801 971 725
24 -879 -842 742 -931
-591 -639 -468 852 -516
-587 421 233 -27 407
-877 -331 -312 -997 761
-594 -914 809 -966 -972
-71 383 -707 -835 297
648 -398 763 -105 -28
-809 2 -693 -278 432
-328 367 770 -535 243
73 -396 -447 369 -802
-156 -590 -72 -7 292
867 68 -973 -429 -150
-841 -480 -356 914 57
121 541 157 700 -53
441 -28 -148 -608 373
-458 -492 -400 -837 -565
112 -339 -345 -684 -419
218 451 -298 70 -749
-740 -387 485 85 682
350 804 -79 -933 -975
-662 541 689 323 -478
638 -917 441 -236 -159
63 443 142 491 -657
846 -679 -720 -823 345
-338 -116 708 -381 -621
-367 -725 277 901 949
323 -659 838 59 -510
594 893 -178 873 622
618 790 420 -584 948
-461 497 -235 -845 -938
477 197 611 64 637
91 -377 341 625 -642
-636 604 898 13 392
209 -886 116 -544 -139
945 -578 -192 -972 368
-324 -195 593 -968 -725
-127 661 -549 280 519
286 895 -763 720 -759
833 978 -949 -797 -256
-712 -83 853 141 -19
142 352 -547 -285 -800
[RUN #14 5 100]
-416 170 -554 205 -872
432 389 402 -396 -934
-744 -460 941 -725 171
-397 -952 -603 -671 923
915 -376 152 523 -571
-832 -912 -806 -865 -950
-82 -939 703 465 681
31 227 64 582 598
550 -25 20 -888 704
398 -214 -270 231 -161
530 476 80 -128 -283
-1000 -969 -243 -660 901
-469 147 452 -955 561
960 -663 -18 -764 457
804 -208 -236 725 -825
963 -489 -588 718 -608
-258 -926 509 -908 -614
-682 351 956 749 -976
909 -604 -365 413 12
-789 -521 -92 -737 765
-826 670 -383 -85 -41
-340 -638 -519 301 -888
-738 453 -956 544 -940
80 55 -43 -177 370
-207 -669 -495 342 865
-895 794 -462 -862 628
-575 877 -580 543 74
-185 -349 428 -947 738
846 926 -101 41 -16
294 -158 -731 -279 -354
733 48 384 173 -819
710 -430 -622 -993 745
-243 -64 -63 -998 -159
630 748 463 15 330
583 663 672 -329 -286
382 780 -178 758 -553
-13 -241 354 -829 -146
-83 -447 66 245 -872
320 -154 -323 -518 322
407 544 58 576 -938
-632 -940 667 -814 188
733 269 -254 889 -554
-499 269 437 596 -257
-278 -357 -319 91 -21
73 -958 -864 229 -310
141 216 -839 823 753
419 -540 667 259 661
932 582 174 46 471
-329 -616 457 200 -87
-868 472 -642 331 -140
-429 311 -286 554 -838
717 628 933 -563 -681
12 731 -888 -606 648
-157 -296 -788 -960 -626
69 698 30 150 -642
-826 -110 -41 574 842
762 703 -976 -692 -982
-262 942 -21 897 352
-268 780 -811 -908 -250
734 863 593 -878 -530
-328 310 689 -209 -361
146 -538 747 680 636
539 459 80 841 -799
-875 -417 952 527 -941
648 -628 -588 -914 683
-8 594 795 -346 920
-15 890 -712 -558 497
821 -882 -643 475 -323
402 -824 593 146 -740
-801 -813 634 459 -850
769 494 35 -779 638
156 -960 75 -358 -257
773 730 -704 -192 -252
-658 -465 977 708 -763
636 828 44 -508 942
998 949 -471 -11 811
-6 111 645 -960 790
241 143 238 -987 -313
-999 -585 -577 510 120
256 343 -513 117 187
-198 -382 -818 -189 336
866 819 -615 -590 154
-365 -157 -847 433 -168
-454 -701 546 -590 -786
365 -682 284 -616 451
211 -348 79 -736 -864
-544 -185 11 -462 158
483 486 890 -292 -608
-806 512 855 929 799
688 491 722 860 -23
357 409 -250 659 -974
654 472 -850 -53 -842
996 196 645 550 452
-44 -776 877 998 364
939 -28 -917 -564 194
-499 -687 585 -984 -809
-403 -749 -607 -437 522
-779 521 -359 -405 -990
885 -410 590 841 946
-911 373 464 -920 917
[RUN #15 5 500]
-413 -855 104 704 935
217 251 274 -357 -592
-665 -364 31 936 -990
-331 -439 -978 510 164
582 -987 446 -842 428
990 -594 983 -750 -138
215 -978 -162 612 -743
-433 334 336 900 183
-173 -710 -513 -253 389
-918 332 -49 -354 -429
-910 894 -797 -885 351
304 -679 129 -650 777
-47 -674 -455 -667 718
38 -969 294 -83 -751
-828 -231 353 745 242
-671 22 -553 985 991
-566 564 815 586 684
593 -314 560 -541 -804
-386 623 797 118 -246
612 172 -269 920 894
299 722 487 -480 520
917 469 461 235 -250
-214 -642 203 -379 223
-566 435 968 -577 -785
-137 776 109 60 451
-348 -880 233 152 -483
642 -447 853 -687 -846
79 634 -239 931 653
701 745 287 517 217
895 -456 -892 -991 -993
307 535 -342 -26 989
-198 -238 -604 -655 -263
-390 -973 -936 -444 -746
-252 -509 917 -194 -766
-56 -672 -707 -284 516
-25 916 491 646 3
-170 333 883 611 -429
34 763 896 430 35
255 -1 707 -763 884
-660 975 764 58 227
8 436 -178 511 -993
109 -912 -311 -625 -399
-203 -794 474 744 561
136 -756 -58 843 -927
-307 -401 -589 780 490
816 137 53 834 313
160 611 -770 -378 43
323 574 147 546 9
-92 73 -697 -389 636
158 -635 78 -751 82
62 -305 -878 -20 315
-867 -563 -476 874 -99
-71 -88 967 -962 532
-480 567 -423 -509 267
398 943 -803 -54 -628
-678 -280 885 654 666
387 747 94 -158 -821
215 -195 -540 -245 -168
668 -846 240 -686 760
610 -851 710 478 -126
-545 -406 -119 -485 -179
-223 550 -807 512 690
-156 -775 -999 368 -598
-654 -514 595 477 -803
-612 -741 704 433 355
621 957 -685 -307 247
-648 572 260 248 600
-791 827 28 727 848
-197 162 235 -627 -754
671 -433 652 -832 -105
-222 756 -379 -204 243
579 821 -670 -752 -361
-876 251 -327 -723 228
362 521 -676 615 -172
600 -862 -209 -819 500
42 -591 -452 -284 975
-165 900 564 906 -462
-40 -756 -423 672 124
770 -471 -755 -770 -294
436 -68 426 237 -104
412 827 582 477 -738
264 -355 -656 425 -29
-940 218 411 888 -501
-725 903 25 948 740
-133 -875 797 422 246
7 -940 -734 -590 492
-265 734 10 -861 -760
-786 -342 -388 -883 352
-675 -228 -264 375 -367
110 927 -745 -198 401
-521 912 199 -599 745
388 951 873 993 907
231 439 901 316 873
-262 520 699 994 -114
-702 -556 -786 -198 -95
-463 375 -555 482 -77
-860 733 45 -85 -559
-769 512 -649 -734 -656
-843 877 -796 3 -723
396 460 -215 333 504
-571 192 -842 663 463
-754 -193 -616 258 -493
-985 955 781 -980 -767
-381 162 540 -300 -402
-744 -452 946 -1 -639
911 -426 -354 740 557
-545 -674 119 916 788
-198 -485 -976 -392 788
823 -319 -673 464 -498
819 442 237 -629 188
-29 824 31 -68 907
-71 790 992 824 18
-308 414 244 52 276
752 -767 -458 -853 -97
-658 384 -527 503 -151
-798 -522 144 -58 -509
-577 520 -196 497 -255
604 -663 -33 214 -430
349 -901 196 -149 -733
-747 669 -905 103 -404
246 -448 727 810 -37
243 -33 -386 749 500
-916 -286 853 -195 -148
960 -19 -965 65 549
-548 950 -897 -514 831
-162 -715 265 200 417
-846 508 -335 810 314
-172 233 614 -814 -705
-726 438 151 743 -719
-165 -836 -930 -980 242
-457 549 -321 678 983
736 -89 563 -431 -130
-329 897 -784 304 -402
683 868 449 -623 -717
274 717 1 -283 683
135 193 -774 -295 732
295 339 -649 264 -554
-349 -993 -291 824 -184
189 817 585 308 -285
566 -93 342 855 622
-387 680 -469 305 -906
-874 488 -350 737 756
988 -628 -534 -284 41
-217 -375 -255 45 30
292 997 -342 -305 599
973 490 428 -167 322
468 -447 170 221 -542
930 -481 -205 646 447
89 -83 615 -829 -516
-276 811 -349 -618 335
-677 -474 616 250 -805
553 -100 -219 689 -73
-533 -498 380 533 585
74 -193 -22 -320 -689
-579 500 584 -640 -723
715 -459 -464 -382 662
670 -894 538 -882 409
649 969 476 -181 -864
-894 -12 456 831 -868
-701 -327 -893 521 233
-718 626 -367 -924 456
567 -230 -589 724 -64
337 117 215 116 -113
485 711 -291 932 -349
928 453 -602 -849 898
682 64 581 -296 495
-1 807 552 633 -157
-759 154 863 -198 -222
648 591 -243 -429 933
-731 -520 902 -374 814
-737 -416 596 588 -668
601 595 471 -759 -992
-243 -63 -84 -753 345
409 626 627 -986 526
473 -723 -622 -770 -494
-577 420 826 948 544
-569 -985 531 269 -885
436 -153 -230 -350 702
-783 -304 -756 -864 -354
-919 426 200 526 -724
504 -314 -173 579 463
-642 -159 -755 -930 989
814 302 -132 -184 -657
427 957 -992 -947 767
-814 -391 -148 -528 223
-386 477 -537 48 427
-175 197 -878 364 -654
751 399 452 976 -469
-581 -390 -454 -793 816
789 -235 -234 105 -720
472 -522 -315 -79 922
-425 235 -48 185 -150
-791 -134 -665 -729 -251
450 -615 938 335 863
455 235 164 301 636
-969 541 862 339 -949
-370 59 325 717 -672
385 257 -745 826 -412
664 -220 -918 -418 -543
845 432 -809 -841 -322
-29 816 329 -627 912
-538 975 38 947 32
-984 757 -334 685 991
-36 -618 377 735 -758
235 -510 -476 862 271
-541 991 233 -218 38
-467 771 -405 -282 -938
82 -97 965 64 -906
-898 -826 -79 -406 132
218 988 -519 -143 -399
158 399 164 -559 980
-341 -849 -766 -337 -384
959 163 -5 464 -996
515 -110 835 51 -645
-129 -62 -277 -191 -602
295 -625 -111 -110 28
430 474 -928 362 -224
-268 917 583 572 375
-175 -695 98 -800 -81
26 267 4 -782 391
-351 -170 -696 444 268
633 249 -248 -870 -92
860 997 912 443 -468
-447 686 657 -80 818
-257 587 -962 928 356
-371 660 -419 -858 525
22 737 -369 413 -798
255 434 636 -378 308
-224 -781 845 -194 147
901 991 961 -260 373
-551 714 -131 351 -940
-455 331 -551 -249 999
-953 -646 464 303 851
-228 -504 -414 721 -709
-858 -259 459 -95 199
13 958 -886 889 231
94 -275 161 -213 -711
-201 -724 -143 -234 -890
-13 -489 392 430 -774
-685 630 632 -122 186
71 515 -168 392 507
230 -890 180 -684 50
623 -931 -929 -723 -40
-731 688 -307 -501 839
-930 811 -964 896 671
-616 967 -622 -364 353
373 -722 -40 -955 679
280 415 308 671 123
354 683 -764 -704 -109
-307 -851 861 -1000 -159
-916 -80 -595 446 203
484 -393 682 -43 -447
100 391 147 -512 -510
-442 -70 -131 -373 908
-281 189 -83 120 457
-867 987 -885 -653 -481
82 -404 -660 669 218
13 -491 711 102 88
841 -18 -395 -775 -808
264 531 -882 -688 541
299 752 95 -367 -75
-941 415 -667 776 -353
-207 -727 503 -488 -413
757 914 -90 781 -616
-33 316 584 -482 -730
410 -493 358 311 975
419 292 -554 846 194
-315 99 532 834 -631
847 788 102 -898 413
-928 217 -750 434 169
87 -705 914 411 977
-12 -355 -159 986 907
-866 -266 -177 44 -125
-254 -78 -271 -754 -277
-768 -347 349 783 -357
-128 -935 140 -348 -916
-158 650 -373 141 143
-256 14 -61 252 -455
800 591 -23 -513 -356
602 -131 828 -90 -494
-724 -349 -104 -957 952
291 -406 494 407 190
951 826 -963 779 -157
405 -232 977 447 -969
-730 -291 296 -542 -827
379 300 -834 309 495
-764 309 -719 817 515
910 -39 -67 -392 -18
770 -779 517 515 -218
129 161 567 892 -178
534 893 -149 -744 985
-138 -105 109 836 -47
944 840 -932 -709 160
-260 -302 -7 -622 835
565 180 -246 542 -48
419 -1000 127 -557 403
651 -916 -341 634 -232
673 -457 923 -178 375
-815 -568 522 28 228
133 763 745 822 -176
417 593 383 174 869
-135 625 -690 822 -360
-6 -4 114 -888 627
508 -313 994 96 -554
741 -327 -429 481 176
-995 544 468 737 -805
-35 -72 61 -49 -949
488 -821 492 880 -938
858 744 -340 -316 421
936 642 345 -679 261
352 67 60 12 311
-887 193 -936 252 -85
-695 388 -66 621 372
713 -85 -179 -465 815
-262 945 509 688 577
181 -669 -816 239 -15
-346 812 701 663 293
-339 -8 -787 706 356
758 343 -389 -82 -630
-311 -839 -545 -665 861
275 39 -484 -882 950
-890 387 659 579 -40
-159 -634 -410 122 725
753 -187 428 258 102
-387 636 13 634 -348
-510 -724 -530 -690 65
-619 562 -176 -91 -592
-789 -125 420 -384 896
291 796 643 870 352
-368 352 126 -154 -254
-808 -700 -504 154 -42
-529 -922 310 -124 154
96 -663 -739 152 7
292 -658 378 -902 304
-816 -443 -848 -242 -257
-265 -998 -627 413 223
423 33 -711 116 714
-345 -642 -803 45 -265
-14 10 -471 864 173
330 882 -936 -439 -252
-41 234 782 891 -687
296 487 -583 -615 30
679 -86 914 -62 521
-872 403 -299 94 -681
9 193 -72 -90 -979
-242 -123 291 -190 229
-512 506 821 -569 838
-417 155 891 -54 364
239 230 -137 573 114
203 -320 157 988 742
-179 617 -318 -284 56
-690 153 982 772 741
-613 -814 -664 534 521
931 895 436 833 -513
197 -350 -430 4 583
-968 724 709 680 995
-681 128 677 518 400
509 234 868 -116 35
999 -134 -116 751 -607
-611 -75 162 954 570
-22 -469 -502 -851 -607
-507 526 -370 588 916
204 -44 -545 -35 466
-953 -143 -800 190 -978
607 -844 405 -286 392
-851 491 -33 8 -689
-458 -997 -261 -798 -715
775 -139 -739 303 62
767 146 977 -271 -342
542 -982 -255 -216 -754
-131 -291 468 99 974
-134 -151 465 578 -55
240 -91 -58 996 -872
18 826 -84 334 -216
233 71 32 -158 -684
-755 507 123 -886 658
-155 -394 -503 -867 298
-746 441 930 -83 -427
242 -732 762 -634 -531
-761 -717 890 666 -464
-586 419 -21 694 -634
-338 -354 -116 127 527
536 518 -153 -214 -410
-889 -247 537 -30 653
166 -48 181 956 690
633 -256 818 692 837
695 169 415 592 -204
191 -560 633 -150 -291
-456 296 -809 -508 162
-945 -680 -684 -328 -686
730 -173 -916 -766 -307
429 -671 -130 -179 -259
-538 -992 -832 -400 -525
550 86 112 -793 -846
-994 -689 504 9 -16
227 -836 290 708 -165
826 -527 -446 981 -387
-189 866 -643 -195 -606
-614 -413 -662 530 -654
-928 87 997 669 -824
31 772 946 246 144
685 880 640 -619 185
-87 397 -506 427 -354
-957 -705 -736 748 264
982 -383 755 315 268
-476 392 -939 49 -293
-353 -747 990 355 -239
-52 197 -672 534 72
-514 -651 -215 -860 280
-92 -380 -969 -183 59
-472 775 205 484 -969
-802 -581 774 -656 990
-33 452 -674 -34 -593
736 915 205 -915 -584
-199 958 709 -465 -951
-275 -193 208 -543 471
180 708 -148 902 501
669 932 -441 958 -319
448 978 -914 966 -239
-681 799 -572 -806 -310
940 915 146 227 -736
691 -875 700 -869 -204
-5 488 638 501 602
-563 354 -666 576 -774
-932 993 -133 -899 505
35 -184 -456 -325 100
-271 23 -212 175 -96
895 -478 -239 -291 654
505 -575 -475 -949 552
562 -444 -918 -215 -566
-55 935 -686 955 296
101 -395 212 486 -531
606 -953 -972 -109 334
-698 523 -685 -726 794
681 -480 -115 327 248
-871 821 -146 -484 -551
692 -609 -303 757 534
268 750 961 509 543
-155 -200 760 705 296
-135 -125 184 -252 129
13 -554 -756 320 -669
-548 220 231 -854 326
308 -252 944 662 -901
-30 -286 -855 -832 933
-541 233 433 -6 -10
-315 -602 431 -542 -723
-650 -280 -638 -790 -439
410 -111 409 503 611
819 664 -73 -736 106
503 -574 -63 -739 269
-64 -83 -473 -777 -515
83 -390 342 605 450
-15 -548 -453 -316 -201
-202 -3 783 -137 -315
150 642 -775 292 715
486 -520 -123 -607 75
21 303 769 -86 -342
-289 -233 -518 -848 276
-293 34 636 512 9
-356 230 45 875 -817
-569 996 -957 399 -795
-356 673 -925 818 -654
-46 -212 -4 -448 -53
421 -669 908 -677 -978
563 18 957 751 -904
518 -440 339 -430 -266
495 -912 -758 65 698
832 -285 -153 552 -714
-945 880 908 902 -996
103 -841 808 24 -587
293 875 774 103 236
-992 -947 475 -763 795
64 850 296 -870 -175
-876 330 914 536 -262
375 -985 389 884 -506
736 104 605 -446 -335
432 -996 -413 398 -462
400 93 -901 569 -151
-123 -778 -217 896 575
-771 -10 -197 14 290
-728 258 -103 -297 428
-780 -370 -568 -156 858
220 896 -924 -128 -30
32 172 -236 -577 -783
-858 657 -956 -335 -429
-62 -733 -242 963 -731
-807 900 -732 -815 -585
-844 -823 378 805 -49
252 152 -418 -545 -298
345 -160 -795 139 -701
922 -820 -106 -251 -690
104 -732 333 271 215
445 -556 714 -350 -554
395 663 -65 673 -329
-892 -592 -469 -403 -358
-106 -313 -916 726 936
-331 -181 -680 646 320
487 -562 855 -467 103
559 -107 991 169 862
387 147 484 188 346
[RUN #16 5 1000]
-778 -498 -721 -433 636
940 908 896 -765 -957
262 -188 861 -930 684
35 146 -512 203 -573
860 -125 973 102 122
-377 -632 -356 532 734
113 483 815 -188 369
-800 -334 207 865 -990
-411 -114 823 -33 440
-285 997 -689 -632 606
437 822 623 -889 -506
-511 517 -379 -635 -945
952 -202 181 315 -111
-654 995 520 -908 158
776 -304 -703 791 105
591 765 686 -754 605
741 -12 -974 704 764
-441 -796 -266 309 205
-231 -353 418 460 975
-563 19 -589 -653 346
566 -572 -39 174 -911
-557 -585 -642 369 -649
-424 -528 -835 -969 355
904 728 -562 -857 -613
-959 581 802 925 58
-262 98 -378 357 -713
-408 -52 -771 -405 542
-247 978 427 21 392
212 -239 -26 -445 -997
241 634 883 -228 536
977 -485 -992 -406 -325
-199 124 -145 -709 800
520 -536 868 -594 -187
-234 850 904 -256 372
-222 167 172 -26 -168
81 156 885 928 -183
-231 917 429 -529 129
648 -743 -570 -566 987
-680 -508 -922 679 176
-386 782 -698 -365 837
171 132 -431 147 896
-832 388 150 974 273
525 -833 21 988 677
-226 -72 -848 24 -631
-412 -292 -914 863 -817
-719 83 304 -231 143
-634 522 867 734 715
730 -937 -772 -258 521
-824 17 -455 506 -947
-324 272 756 -379 586
706 417 -170 -924 934
-430 -490 -877 -600 -596
-8 152 941 198 852
-52 511 -700 220 -176
-124 -975 281 -275 -184
77 997 -941 255 -46
-297 -434 -64 -973 845
506 301 -714 -509 -224
-66 -939 -935 835 409
-982 958 -555 -866 -405
-264 961 669 -868 557
555 945 223 -98 -352
5 -247 438 -272 -217
-542 890 338 497 871
626 -94 -716 618 907
398 -669 -281 -534 861
-410 491 373 -206 192
381 -912 -661 555 -21
-631 7 718 -865 -139
203 -458 -311 158 959
-512 448 -329 615 -699
-205 657 -38 -120 936
-993 488 300 208 -779
632 446 -851 -973 -412
190 656 471 -413 587
-709 194 -231 -353 -756
-85 455 198 83 288
937 132 -371 -564 647
927 536 -608 -790 -12
-910 -613 621 -417 834
-611 -89 774 -661 -547
-428 -400 -29 -385 -813
930 -22 656 436 338
915 974 -7 778 -99
-284 -101 860 -5 579
4 -562 -33 131 -689
575 -205 -539 894 766
779 -528 -888 -867 480
344 -843 -139 -91 -894
-797 -869 -451 -126 -644
-323 938 877 322 -182
-649 -517 747 -751 -61
-180 -734 -715 -54 18
550 -719 847 370 87
-476 -778 199 644 -315
308 -928 -921 479 740
624 258 -577 -331 381
457 -240 274 -618 51
-11 943 881 816 -889
845 -816 -805 94 698
-602 792 -862 396 -782
340 371 738 336 134
276 324 282 -17 95
461 -314 274 -905 -910
-33 -25 -270 120 428
108 319 279 614 -143
496 182 -670 -824 -361
158 308 -449 163 848
775 138 929 169 -205
292 -499 940 -797 444
728 -925 -193 -424 -444
-173 -144 -552 113 502
-531 -854 -672 982 51
499 -913 -938 838 89
-81 -53 -543 -128 883
108 -332 -90 -520 59
-698 660 584 228 -738
-151 682 525 -909 -526
-787 154 278 492 520
584 -906 475 -75 -659
-512 647 -403 6 -886
-983 -306 -162 804 -372
-694 20 379 251 223
-537 -493 600 -528 110
-870 183 -541 419 821
-606 940 -6 175 975
782 401 -901 929 312
739 209 -174 -42 164
-929 -752 313 -962 -725
33 413 809 -871 -724
-798 388 -152 385 57
-278 -44 574 -727 42
-770 818 510 -702 -7
211 723 47 205 -18
-495 -787 -838 -347 683
-212 -816 -97 -317 -639
-950 292 -113 162 -325
580 -148 -683 202 -911
-801 -459 751 -533 -34
89 -948 745 287 183
935 607 -703 846 439
419 -296 -525 -532 -513
-576 364 260 -180 404
655 791 -113 -158 818
444 81 -440 273 -713
791 -782 161 149 999
-351 -849 967 525 -893
-693 201 367 5 416
145 198 460 367 959
-428 -818 156 -299 318
-160 337 722 -389 -431
598 615 397 -60 -411
255 392 833 -107 923
480 -811 349 509 -511
-972 -199 869 -791 637
22 890 994 -790 323
905 103 -9 -532 -32
-70 639 479 776 490
-443 777 300 429 -536
715 368 356 684 437
662 -641 -6 -177 -772
252 23 -386 -887 -166
364 -281 983 -104 -570
-730 -60 21 -120 665
86 721 38 631 625
733 525 -453 663 173
-575 557 -241 696 -701
-6 -23 -815 489 261
953 -132 486 -381 543
428 69 526 608 969
-413 799 -870 405 392
-853 350 402 -400 -343
-424 15 -834 498 364
373 353 50 -843 -749
330 -569 172 982 -266
925 -624 -411 -347 469
923 -763 354 779 -159
-250 -364 416 -337 403
-149 -87 -421 -245 768
305 -722 326 -260 -618
-831 -483 529 892 496
957 -646 61 219 -515
-19 422 -577 -13 269
514 -266 354 973 -672
31 -978 -574 -50 930
-344 -755 -352 -128 38
406 -314 803 996 -187
-708 -518 292 -258 -833
-151 -66 -110 906 -813
-773 404 -397 165 994
-242 -795 -958 -366 -930
-159 261 603 162 399
-767 496 486 393 -349
-582 591 -28 255 -763
-171 -475 -489 469 -228
-428 -227 691 -102 361
-758 -900 -139 -975 90
-368 -955 13 563 53
632 776 -905 -267 -87
-913 393 769 -719 89
454 553 441 800 985
-946 583 325 -426 -102
463 58 -182 65 881
-799 380 284 -629 -149
871 -463 -42 614 -417
-518 803 821 -545 321
494 -547 718 245 -951
-455 688 954 681 -269
-60 -750 -744 -212 -539
-741 -199 595 179 -672
-798 -679 300 826 -98
-173 -88 628 -962 -505
-810 -525 -315 -101 -580
22 934 163 -307 828
370 194 -860 -20 292
-924 -575 219 931 -801
776 315 -899 -850 105
-824 837 -150 479 -449
-245 -162 990 -929 -390
-944 -667 -541 -568 -763
504 915 476 854 -368
687 497 322 987 809
-608 839 589 952 862
660 858 -926 765 -280
-274 -627 -975 -182 315
-185 297 464 585 405
512 584 -481 -294 -317
-325 -999 -237 -470 -281
-994 143 505 60 213
338 365 316 576 36
-51 18 724 718 -511
558 940 -411 -276 371
961 75 -992 70 -653
-873 316 -795 -820 -736
-204 782 -854 940 868
-22 448 -481 -646 595
-264 -474 813 -364 -618
-698 417 -235 -274 245
-258 -899 -904 232 -186
-818 306 -273 719 685
469 618 -469 782 -270
789 60 -795 154 -252
539 899 136 174 -885
-636 66 -385 390 -692
-231 -166 621 326 -958
677 237 -766 -629 423
-704 -523 410 162 653
-324 129 754 178 845
-525 -809 208 877 780
-208 -638 694 10 -333
-654 96 947 599 949
-665 417 -46 973 -852
707 130 -971 -703 667
-666 57 -773 179 978
894 -220 362 38 -571
-162 603 -239 313 -603
-760 419 472 -173 820
280 -284 374 -943 -407
-429 -323 -188 431 -175
-273 113 256 79 -866
332 -652 865 976 385
-325 259 926 287 239
833 -89 -985 -944 668
831 517 -911 854 -878
-398 -99 -706 394 -529
-698 689 -304 -319 -741
-305 -655 81 -661 454
386 -661 -312 414 -241
-860 766 519 -937 422
-362 514 -638 -94 -448
946 -198 359 -649 427
13 910 -871 -826 -429
241 28 -549 813 35
-615 790 -645 942 -48
-166 -384 -399 470 742
-542 -177 -401 -201 575
293 -222 -765 -638 -335
903 859 -14 -558 -154
-563 -615 309 -936 -12
-978 237 -998 129 -898
-843 -60 -484 -915 -426
30 -620 -233 -596 864
164 -34 234 -891 619
113 -293 77 -823 -833
470 529 -218 -329 -663
-918 -389 642 -642 -13
239 -924 268 228 -767
615 241 -400 865 -92
-360 -66 -92 648 -763
-217 -110 -368 943 848
931 -158 671 -145 166
51 541 132 -410 61
129 5 -514 -201 -235
93 -422 -456 -102 976
-376 852 -255 -314 477
-600 -838 177 -523 -354
-834 -242 -777 -769 764
-556 562 840 -951 -536
134 48 709 244 862
-753 -22 -91 977 33
497 838 -306 53 -304
242 215 -526 -627 724
307 -973 595 195 -725
174 499 -765 833 -800
-398 -596 -257 614 476
764 -355 629 -742 318
189 -558 913 548 -822
323 674 -756 -115 -596
-256 151 185 194 -11
-1000 -245 846 340 130
434 -219 633 673 244
297 -76 -443 269 -325
-305 -310 -894 -794 -786
-21 150 916 648 -735
-315 924 -761 -906 85
-503 -510 -209 -581 549
-123 -965 399 -896 785
153 -135 407 903 -95
92 789 268 770 551
171 -309 -201 118 306
899 505 221 760 138
643 77 675 261 294
942 132 606 -271 937
418 -50 668 249 -464
74 761 846 -728 98
533 -667 416 -504 428
-396 687 -697 212 888
269 879 409 552 201
50 793 -297 420 236
436 740 498 -572 418
-227 -363 896 -841 -63
486 -589 769 356 450
-512 8 -780 433 -347
279 54 -349 307 -258
440 -135 -227 755 -284
-187 -763 964 -701 829
702 -991 48 717 960
-827 -282 894 -930 -953
345 -135 768 766 -519
-27 -920 541 707 384
736 572 -843 945 -118
409 -852 86 695 845
512 137 779 -925 -329
-586 -121 -987 -843 -708
286 -103 974 422 -961
459 235 -941 664 -146
934 505 -593 863 -643
561 652 523 646 -718
-627 250 952 -296 -612
-664 -741 605 30 -422
-881 797 -633 -187 852
234 484 635 711 -753
609 889 -730 390 721
-540 -248 119 -342 582
-32 -409 -7 -681 -639
470 729 -246 867 -859
241 -653 -165 -225 -365
395 -461 -977 -711 462
710 680 689 871 181
361 -895 -846 780 40
-834 -448 686 270 709
383 147 898 -331 -624
-678 724 590 763 -827
-799 459 -809 -708 -106
-210 -995 759 -952 -183
654 708 986 -21 1
-598 330 -819 819 308
-812 -509 325 -243 437
-983 743 464 -367 569
146 -289 854 -319 -687
132 -991 61 -857 -715
-367 -563 -948 -645 718
-899 262 414 -678 -222
156 466 -60 554 -819
525 -930 -498 493 -653
-838 -905 11 164 312
76 -140 -662 -529 309
-217 851 256 -603 -105
-136 -847 -45 974 -28
-202 233 186 -590 128
-75 -508 281 137 -282
-179 -763 -662 -542 -144
-254 718 -692 -165 569
654 653 964 -515 873
-769 -606 497 -301 -139
-178 -884 -857 260 202
-181 912 39 -843 -631
514 574 525 543 753
-662 -668 203 -167 908
-16 634 -63 702 -578
610 -387 480 -247 -497
-632 -566 630 -485 -112
555 -436 85 -744 -12
552 377 -783 -98 -804
500 227 592 -861 413
-232 580 -463 -121 118
824 -266 658 874 -547
-915 989 -466 -64 -941
-349 -93 439 844 -50
-778 -106 -802 -154 -577
655 -566 189 -57 -118
-797 -829 -313 -360 -130
682 554 767 705 -531
-95 -968 -74 -454 -475
-860 -502 -134 -18 -111
933 -920 151 760 -496
478 -727 -335 578 -768
454 388 -667 289 -84
790 -380 -556 527 -936
683 898 998 -600 -780
275 -661 -240 701 748
212 602 -406 -202 962
-402 856 414 541 -84
691 -868 -718 -111 14
776 169 -48 900 30
-479 -410 -442 -586 -874
324 -664 -938 14 -62
227 557 -564 -688 -90
-77 -769 483 848 -299
646 -996 992 -215 -272
645 236 -518 573 856
-830 553 -906 -576 480
260 371 -238 -53 266
-394 -518 -144 -939 661
-318 -717 857 -60 -723
-595 -158 834 -406 94
-814 -513 322 -478 633
-371 -333 349 -270 715
-941 -141 800 -286 283
-391 -753 33 256 694
331 -684 114 262 -161
584 4 267 -223 520
323 777 -111 -616 494
-76 -947 -826 486 -19
[RUN #17 3 100]
176 -607 -743
472 924 -45
771 -79 -234
-131 -52 -181
997 503 258
-36 305 182
654 -205 -995
459 546 -70
531 376 64
-156 -464 36
-819 955 282
164 997 -937
-919 -215 -853
392 -31 -651
690 -251 167
645 -230 -260
-808 191 -177
-846 745 471
-637 230 616
84 972 364
784 -33 711
817 383 -331
704 512 321
93 -821 862
-285 920 -606
-410 889 900
541 -64 222
759 952 -45
-695 -217 -745
545 -443 359
25 231 61
-728 -351 390
939 -898 321
-939 340 -140
-196 -566 512
-480 -701 801
148 -938 381
-413 729 213
743 596 -731
-197 -297 167
425 164 -822
-205 264 424
257 -316 299
-610 -768 86
-387 -486 -503
313 740 -980
-823 -437 -682
-831 644 -16
-594 -949 -446
964 109 343
809 -973 106
-722 -462 -334
-896 114 -661
272 -356 497
-505 831 -902
259 805 138
177 -126 -935
291 667 -23
-944 255 363
385 -745 -903
505 -523 793
873 145 596
954 328 -338
-238 -725 639
-802 933 -558
-201 -842 -81
-503 -76 -862
734 560 -119
-141 829 -465
-834 716 218
-487 -576 -243
392 768 -333
929 -761 635
-772 208 -80
-517 -788 -871
-997 42 -833
-969 750 -612
307 648 974
-872 -701 568
372 -769 256
-692 696 657
-515 62 -181
807 -184 535
-616 -11 810
92 799 -414
-803 -584 156
-797 970 627
932 615 768
328 -211 599
-469 415 404
-260 706 948
727 -926 -489
-397 607 -604
-872 -835 -234
-147 342 -563
-682 -335 -569
-811 -25 160
307 667 60
-994 580 920
35 818 -55
[RUN #18 4 100]
246 -153 177 -905
860 -316 204 933
454 795 952 721
-756 -75 -67 -582
891 786 577 -232
-723 14 -926 -594
-644 274 778 -189
-112 963 -896 383
813 146 -385 -345
533 756 197 808
527 582 34 -285
843 647 -807 -347
-470 -648 -700 923
755 389 -751 318
-632 310 61 -418
439 -655 437 -990
-807 130 963 -928
612 621 927 379
568 -199 15 200
885 414 -227 -703
-75 834 455 -597
440 -645 -750 -113
527 644 -976 341
-633 524 994 790
-741 -218 -379 -303
-291 494 -816 572
-560 -673 224 -565
-94 709 -965 983
-255 257 819 -693
779 -106 -690 244
252 268 -267 702
147 672 306 766
-871 -500 247 238
962 497 -424 -282
-273 182 114 427
-549 902 635 671
666 -32 -61 -961
736 164 -57 -883
-429 833 -433 -39
293 594 483 -4
-54 -366 369 -265
-887 -108 -878 -630
-935 422 -187 -516
-146 -801 369 -869
-183 735 -547 -895
387 -408 -178 326
-684 -943 33 583
598 -475 -353 -824
242 -171 820 -912
-76 341 -937 -833
-170 727 -281 -130
803 -871 570 -367
767 332 -627 -769
440 578 763 638
175 841 953 746
276 490 389 -381
-809 466 -176 -62
-645 850 -47 -882
43 -694 619 -78
402 -696 -808 -146
44 -853 -824 -573
-19 291 -587 140
375 -749 -119 665
-984 786 574 -884
-581 830 -501 129
-440 -758 -801 186
172 -365 -181 20
-36 -506 -489 740
-310 -558 743 -277
-208 -494 128 780
-646 890 245 551
-238 -566 721 222
-74 -778 -522 804
-636 940 997 863
258 29 -587 687
-581 740 411 718
302 529 550 528
188 -289 -333 85
687 -857 -173 -901
-50 -412 -511 -811
47 462 -861 -847
-351 675 -542 -680
-610 -964 -673 47
608 134 -473 -939
-519 365 -826 472
-847 -726 -558 -385
913 -252 -105 85
761 -74 850 78
454 -302 377 -271
969 -430 930 -163
-486 202 306 89
206 -936 -815 -428
209 -887 -7 67
-319 -484 784 440
-891 -101 -425 443
-988 -784 -592 727
-478 923 777 399
-378 -638 -87 -953
-660 -896 514 681
-179 17 -88 -710
[RUN #19 100 1]
71 -369 740 865 -606 -223 -246 410 283 -106 286 -272 -718 564 311 539 -909 450 438 -811 -683 947 130 585 92 -15 62 -306 -131 679 -648 826 -400 854 806 -264 681 -245 910 560 -465 -434 -284 -108 347 -921 -221 259 -469 -531 -724 691 -879 78 488 960 -532 835 415 -590 -185 828 930 -54 -944 -618 -768 5 412 227 876 447 788 -528 -11 -495 606 -720 213 644 226 -656 188 -805 -250 575 -399 -53 149 163 33 23 290 -22 -429 -885 570 -753 -999 -792
[RUN #20 100 1]
-992 930 -60 308 367 669 -686 -119 200 777 -463 757 -465 570 -64 882 393 885 149 205 742 -835 -175 -168 461 108 -653 126 90 -567 1 469 -440 410 39 715 515 -468 -632 -788 -450 202 496 -192 -131 526 -913 -427 353 792 822 -599 979 440 917 -570 -864 -135 -326 356 -305 -136 -634 -355 -672 -348 -796 326 874 652 -727 -359 -825 824 -130 -448 -270 -919 30 -504 123 970 -376 136 -865 668 -774 274 -173 -188 989 91 459 -254 -296 -557 575 746 215 292
[RUN #21 100 100]
516 895 -823 -323 48 386 854 932 799 629 518 -537 -243 231 820 275 -462 -820 66 -327 175 -451 -623 -968 109 -764 924 -730 -723 -198 725 214 -947 -200 440 922 -492 -470 -460 -251 947 -930 -406 378 -741 306 -273 -956 38 611 446 -888 900 -83 990 648 -62 -174 -963 -977 479 -229 466 545 -204 256 5 -349 354 -987 867 -252 -821 -235 -760 597 -592 644 942 105 461 -655 -448 472 34 -936 902 643 656 -342 -333 -186 391 766 531 -748 679 762 588 -575
955 112 -219 -888 -505 661 110 129 305 -279 133 693 203 -405 -780 -937 664 -608 610 475 142 845 -260 -116 151 337 385 557 127 792 -12 524 682 -328 553 931 700 444 -565 621 -88 944 976 -400 401 258 -356 -524 -162 -354 952 -378 -63 296 -618 -949 520 -355 538 -857 -702 165 -127 -864 815 -508 -375 164 686 -379 -184 -249 143 601 -132 -259 191 128 97 9 723 178 -620 -873 -223 -726 721 -324 -960 742 -617 -583 740 -719 481 537 -965 627 -350 -331
698 403 -167 935 -887 -152 694 631 844 667 230 38 910 -830 135 -345 334 117 -706 409 216 -531 -920 725 -993 -354 329 975 -335 884 218 -616 616 -530 -47 -307 -204 -723 -428 806 888 -794 184 734 630 -485 796 -181 -2 9 -424 397 -211 484 851 456 -833 649 317 258 417 -561 -54 717 580 695 425 -385 352 -457 -753 529 406 471 951 202 542 759 266 720 173 50 469 -860 -931 -195 -710 501 -241 -200 586 889 -180 -758 -676 416 411 302 422 -945
-951 -700 -343 365 -848 -190 155 -441 -686 -74 -941 451 -295 997 -45 -403 -786 -788 550 471 885 -828 -211 264 282 978 501 639 227 662 -638 -537 937 -725 21 -968 -934 -931 287 787 -619 279 -822 -783 -733 713 -193 168 -371 80 613 748 -389 515 9 -696 178 -852 30 -339 581 -522 553 -489 551 711 790 -419 306 10 835 -79 -958 296 681 160 -83 -996 -436 516 183 -564 -779 22 289 733 546 648 -662 50 619 -372 189 -777 604 906 350 783 -111 -666
-371 -454 10 717 -985 31 -260 545 -848 -35 651 -502 -339 -932 820 65 -230 754 847 -211 -889 -416 -590 -170 647 -144 574 -368 -422 -683 547 880 -916 670 -76 785 -344 108 -788 -197 -885 723 442 44 741 -379 -342 -71 357 23 -163 226 523 419 -708 423 -81 823 -859 -78 185 980 99 -123 -896 -633 4 698 679 -382 274 379 -109 24 904 -270 -971 -250 125 -511 -542 263 12 304 -715 140 609 153 934 -51 -672 -253 -732 -701 536 -593 685 43 937 -500
-698 898 499 911 -274 -30 -949 678 -475 -155 -431 817 -428 -84 -925 -868 209 412 61 -677 153 -661 579 -598 -945 -504 -567 491 -4 -664 746 -317 653 931 979 -256 -512 358 -262 150 452 262 831 -299 812 497 492 -204 916 225 317 533 468 896 133 -589 -282 11 101 -715 -553 25 -449 565 -682 813 843 272 -427 -686 -456 -782 954 640 734 -17 822 992 -849 -617 -975 815 320 -517 -188 863 577 381 793 -717 89 -129 -266 -400 -119 -694 -966 27 932 -42
86 286 -4 975 -854 585 199 -693 -960 235 812 -923 948 -354 474 311 749 -943 -952 -270 -312 -773 178 622 -707 -878 -774 -887 361 873 -729 103 27 -640 -827 -220 -468 -81 -430 -879 -714 652 437 591 -466 -964 -489 338 -455 -698 -83 -488 -169 -700 -816 -702 -448 -724 112 -498 -927 227 560 -353 -274 176 -877 694 -634 466 -14 909 830 936 51 -253 252 292 763 -256 -930 -810 660 -65 -434 -604 360 -176 972 -186 40 -528 -535 -127 -791 -416 -625 -694 284 866
-522 176 -931 922 717 -184 64 -792 -962 -432 -107 -248 927 -591 770 389 731 842 133 783 217 -68 -354 81 379 559 -167 -950 -434 -520 561 317 263 -45 329 -564 525 -650 -841 -515 859 -222 952 -938 378 -858 80 965 256 -776 -211 103 14 689 -64 912 241 -311 36 798 43 533 -444 627 -942 177 -116 875 986 248 860 220 -759 227 -874 99 -509 479 428 470 30 552 574 -990 910 -561 834 993 511 472 -848 999 -728 835 -125 -65 -633 -402 303 -237
465 869 -597 -924 706 56 -102 523 405 -105 -226 958 -631 338 -770 358 275 31 437 934 -68 -530 688 -455 566 484 -648 150 -794 564 500 -639 276 -716 749 980 -518 -934 163 765 -787 -816 -412 -722 -848 -482 -670 -274 -929 -408 866 -394 -326 120 -524 579 191 -235 -879 186 498 904 377 -174 810 -220 -259 678 -46 -309 -751 -510 -526 -147 -289 -266 311 421 -566 617 -991 -652 -55 15 -690 -434 26 -845 -539 310 63 -486 -625 -59 -999 -988 -250 -222 288 -796
345 -398 -823 -390 -290 528 157 805 784 65 131 101 -529 703 -883 -924 -421 614 234 -94 470 6 631 -154 155 -817 448 -454 639 -692 858 884 -655 -668 840 -722 -593 668 165 -698 -309 -863 698 -488 904 451 536 845 -891 -383 945 -630 925 -847 647 -822 -130 337 -127 -860 905 -243 -542 71 136 -584 926 -504 13 -235 -901 -14 228 -455 877 549 603 132 890 866 248 -824 -369 -264 33 -600 726 326 503 -445 -190 -373 17 -374 483 -833 637 -258 -552 -662
-761 -565 136 -228 979 337 -837 532 -762 600 427 -192 -904 813 375 493 97 640 -641 -633 -220 -417 238 685 -104 -129 -495 458 233 -993 95 781 326 -931 384 -610 248 -881 -356 -139 -368 -779 214 -783 201 655 -175 17 32 836 -86 -896 524 574 856 57 -492 323 -79 -939 932 -713 767 414 411 402 328 -765 682 374 -250 479 -183 644 -724 -630 -957 757 -781 -845 90 744 -165 -778 -149 -512 429 -346 605 -179 -122 929 -350 -964 160 206 570 967 -393 -1000
310 -828 47 390 -668 -649 -556 212 -914 519 399 -898 492 37 -606 312 -254 489 -366 849 487 -537 726 -483 827 -764 801 -420 701 -977 639 -302 154 780 420 837 -969 593 -956 546 983 299 656 -722 631 61 -827 -920 272 -871 -529 -893 -138 676 -522 -58 608 -257 776 820 -518 138 -429 -274 276 633 -510 -995 613 108 760 764 -49 -186 -950 -367 325 -787 752 -227 -321 -28 459 -849 248 -408 775 -114 695 874 616 -851 -485 -761 179 -139 305 395 367 -34
-731 -976 795 -569 -522 -843 273 199 -352 934 277 -617 -609 -413 -72 26 77 -964 244 -141 181 -799 -108 -398 -297 973 36 -510 -140 441 -128 116 812 -36 -724 692 -577 -915 -91 347 591 924 -747 -440 -772 113 -466 -474 -723 90 428 -120 -676 -364 -994 -56 -333 -408 -462 -861 -177 -78 -919 449 -32 497 755 945 652 -209 -762 -710 -441 361 205 -585 384 -385 237 -811 -386 255 -944 197 901 -548 -741 259 -788 -265 414 -489 -677 -587 305 -907 -76 -640 -651 -6
75 -912 237 63 -827 859 -940 154 -152 -248 942 453 789 936 -898 -391 856 397 491 -327 31 -715 -242 -222 -477 -533 661 251 -992 269 -530 -267 -299 578 392 -586 957 684 -48 560 -793 521 -948 868 -727 -801 -709 201 215 710 -938 -29 718 -421 -274 499 140 -362 212 904 -695 352 791 549 574 715 -355 -678 452 194 977 -251 -769 -335 -165 -149 -98 -634 -151 364 591 383 -668 -170 -390 286 172 183 676 -101 -752 178 -595 -771 864 -201 905 627 -811 768
-2 503 978 187 -406 374 -599 -274 -90 970 -882 779 683 317 -591 752 -904 896 -596 150 989 -715 356 -512 -301 406 -463 727 967 -623 -688 350 -479 230 -388 241 -766 -767 623 -480 -686 -84 478 59 301 -835 261 689 -79 -450 29 -54 334 -938 715 -495 851 -291 -580 -521 567 33 910 101 -953 869 864 246 763 252 634 -992 -344 811 660 996 541 584 -208 -626 -722 -658 181 -619 55 -46 223 226 965 -861 -739 -88 -412 -455 -549 -756 -123 -453 321 -915
277 -191 -108 -390 767 -34 -208 -479 -709 -269 -198 -62 -421 -864 284 207 810 471 228 87 338 -239 825 -702 658 -739 904 -633 705 934 144 567 361 623 -897 -9 -972 -307 -541 73 328 743 -400 180 601 -428 -524 185 -838 671 300 -142 849 622 585 -559 976 -851 -454 -122 294 -872 948 -745 -677 -10 -147 -473 -849 -487 368 526 -322 -250 -494 -595 523 873 -699 847 -693 909 950 -499 -952 -663 -881 290 -588 -796 -617 -150 -447 -943 195 923 -844 772 -610 -580
-628 383 329 55 -107 579 365 -16 -115 -397 195 523 -827 245 -134 175 -456 441 -333 116 146 917 -659 -574 -676 816 -44 -332 -537 -715 -699 -335 -581 356 -710 825 406 -117 115 443 625 152 -575 -701 -309 721 485 -231 -588 404 -706 -416 -34 -956 985 674 -281 -463 996 8 -182 463 -259 898 361 -283 271 484 -495 773 806 121 -323 -971 220 731 -111 -322 -868 -603 -719 -718 -371 822 608 -736 953 -496 -660 -11 -555 -330 428 586 -542 -19 890 -617 704 -887
-96 -170 -301 804 564 120 510 -670 -280 939 -566 19 -879 -805 -110 979 -738 374 942 -602 647 -43 -430 -210 -478 129 48 -862 420 481 -339 -275 -250 626 -595 283 -645 -750 457 -700 995 -749 -971 876 118 -487 318 480 625 323 59 -567 -779 718 855 -391 180 685 954 -890 436 728 -957 -901 787 -200 156 -798 957 615 516 869 -172 -435 203 569 709 975 -122 739 -410 -420 -433 -782 -99 205 -177 621 -124 8 -678 -740 -468 676 509 -476 275 -309 919 810
-145 95 928 -251 700 -416 -954 717 -519 -92 469 202 793 -240 -77 -941 -701 227 947 976 241 385 -54 -22 -297 -469 -752 -340 -218 -518 791 -215 -853 -953 -347 482 194 -686 769 643 -558 -287 236 -334 -165 79 984 418 153 272 681 55 -56 -910 265 433 -285 -515 726 -289 -872 -642 -281 -873 176 -972 853 -337 -980 558 753 -769 -859 387 282 -134 638 -498 904 -634 -103 508 720 -944 338 -713 -790 502 -273 -121 -668 -886 -864 -843 336 565 653 373 -588 94
-291 -11 -484 767 358 -724 331 456 851 395 942 609 356 -519 738 995 442 845 -929 -386 298 746 -492 800 981 134 741 -625 -936 868 -377 -167 170 -971 -857 -655 165 -958 -669 979 161 -113 513 -229 435 697 -486 532 -148 478 844 -851 -682 661 233 -340 998 -709 563 925 764 416 -928 -921 647 -286 -128 -57 -824 -863 -688 -108 901 -33 224 -213 814 -137 707 176 324 -905 -768 -133 752 84 658 -446 -427 519 591 -53 986 931 475 -916 177 702 -162 -104
354 515 -406 -491 -118 802 -952 359 650 346 -103 159 783 -331 278 -540 -974 934 -821 122 -161 -908 586 676 389 828 781 -61 817 146 605 -421 243 624 800 207 770 313 -395 -509 -191 172 -163 -522 -16 -359 -750 -3 777 -100 491 457 -870 -106 894 -77 -440 579 -871 297 867 495 637 -861 327 -663 -265 -546 -9 -311 -72 -464 417 -571 594 -681 575 -943 883 -934 338 670 35 -372 748 -187 820 -970 315 321 -401 148 771 -661 -567 968 932 246 548 306
-951 -539 -597 815 -200 -452 -891 850 -703 835 -883 -414 639 -394 691 880 545 -465 961 200 182 -434 -327 -919 -500 625 613 341 716 -332 585 96 -188 -902 -974 -90 651 801 587 -862 797 -152 -788 -316 -923 -132 -378 338 -310 -576 764 -735 758 870 382 -384 -564 79 -831 -265 470 498 -505 687 -989 -718 111 560 -997 775 677 -458 123 -99 -126 215 -445 944 -625 -958 -241 -704 -536 213 913 -39 -7 380 -466 -573 -461 468 -751 -799 524 -870 421 -285 791 893
404 -660 341 304 -923 891 470 -626 509 -295 -398 275 135 160 -831 -591 -970 158 -748 -151 -969 903 426 -870 -824 -457 -253 -947 -679 604 25 400 -12 -638 117 764 -281 218 -904 294 -248 646 98 664 -989 -730 -735 -429 525 -166 -858 28 -436 -127 -965 46 -492 821 -17 -892 -696 457 -997 215 -46 770 139 -5 -575 297 -259 366 -120 301 -633 762 429 168 -600 480 941 -527 176 337 100 804 718 755 -859 -877 825 454 -88 -475 68 598 807 -927 -290 -918
-1 -241 -261 -112 6 926 561 -432 -569 -196 -368 950 -663 -310 -879 -59 -653 486 891 454 608 -887 292 826 -124 -598 -688 -968 -602 -382 247 974 468 -185 717 -553 -140 658 -248 -265 828 251 605 -14 -72 569 875 -839 -126 185 -457 -728 309 -171 948 -580 -100 -897 912 887 977 -655 -604 512 -917 445 914 10 -5 274 -522 -186 -537 140 -300 -371 -505 -770 -383 -152 -295 498 -531 62 822 -594 18 339 954 -509 -247 -85 63 -125 943 -47 370 715 -143 86
-72 823 835 37 953 811 -4 -248 731 185 -183 874 -192 -214 -591 -351 -459 571 197 -714 106 225 260 -560 320 901 134 -721 -404 529 206 -23 -928 852 92 619 86 -355 -917 -628 864 -506 837 -770 592 -188 -576 53 477 230 -739 -167 707 808 453 492 -778 -241 -287 -438 458 -880 -279 -765 783 145 -343 -178 424 756 419 226 379 789 59 115 905 20 3 -40 -894 -487 126 -586 -901 463 -612 -614 -333 721 883 918 73 739 -16 -685 -981 798 326 105
[RUN #22 100 1]
-781 -257 -660 -684 -708 463 334 552 226 65 461 605 745 911 870 262 838 -563 -997 383 -85 -732 218 -533 703 537 151 -801 -406 -236 -570 99 450 309 910 669 -361 460 -768 250 -625 817 -888 578 -100 -336 -485 -382 876 851 -327 567 -687 -304 -180 -504 -279 763 351 -639 536 490 299 620 -942 113 -851 -861 965 -484 -750 557 861 -376 171 814 117 349 303 -845 607 285 89 -407 232 -44 198 174 22 -925 547 33 -211 426 -43 -981 -883 92 311 -203
[RUN #23 5 100]
-293 15 970 799 526
21 -350 766 413 616
-257 -327 -755 585 -172
-22 742 804 -826 288
-19 -755 -886 -485 232
-174 -964 -137 307 241
-70 113 -504 942 -149
-937 -366 -102 264 56
916 -472 831 -980 35
884 59 -32 -872 -780
-330 -175 753 145 -32
782 582 93 -575 -734
-740 -985 777 534 -574
-18 -689 977 -494 350
-134 508 797 601 -325
-500 -22 -17 156 -728
759 113 370 735 -613
-134 501 327 -778 -387
151 -228 -52 -882 238
528 -512 -424 695 330
936 155 -464 620 -606
230 771 880 -36 -197
-401 -757 491 -98 -984
-299 -432 -881 929 -292
94 136 -845 694 439
495 -275 -91 21 -667
-590 -794 -164 -526 -550
-645 -592 840 23 -807
448 896 877 -321 122
-262 -928 -954 869 207
103 839 709 224 912
-327 754 -932 -798 680
965 111 -874 127 739
829 -538 951 -489 513
607 -594 224 395 680
124 204 -429 -481 188
-733 -473 -224 203 -344
299 -453 858 -767 -863
-478 766 813 972 812
-130 237 -694 590 795
502 899 880 -925 832
-721 -295 313 -258 -788
911 992 -682 -110 -381
-683 61 -474 577 668
530 859 685 -897 -756
-380 -733 606 479 -318
-263 330 734 -406 752
-920 963 -589 886 117
219 326 -640 7 -748
-171 388 309 -763 533
-894 152 -724 -112 -764
884 -969 310 -481 -799
912 586 -278 887 -596
847 -183 569 768 538
349 454 465 -537 -425
48 -99 -380 -449 -357
-225 -416 -484 -940 336
867 -814 -750 802 -471
-974 -507 -877 -872 -829
-540 -23 795 -443 902
849 -872 747 418 284
-478 -233 929 955 -903
894 587 154 -167 -1000
445 261 926 491 882
-45 853 -697 -669 -692
-336 -671 845 377 -845
967 -251 255 204 594
228 762 162 -58 -91
774 756 -966 759 -604
991 -604 -593 -196 -436
244 -879 589 158 379
-505 590 328 -493 118
354 460 -312 720 310
935 -167 531 -994 502
150 -501 306 -593 116
607 831 -941 398 668
-11 -678 212 29 163
825 958 876 20 495
303 517 677 237 -31
380 -493 -776 -698 416
-996 938 -62 -956 -615
-587 696 376 -256 -106
-308 293 715 -896 79
-435 -125 -526 -490 102
852 -474 -914 -477 623
647 -70 60 -778 -676
-52 -307 -688 -234 584
-601 538 -612 -61 625
178 517 442 -412 -142
13 570 -669 -932 -531
-914 981 725 824 54
808 442 -413 -107 -90
-200 398 -854 728 856
581 808 -701 75 879
657 -478 106 319 -810
400 42 858 116 998
-213 -377 154 -385 383
328 640 -342 197 409
-807 -990 -926 -250 -764
98 -248 353 -499 -198
[RUN #24 5 100]
-701 -229 748 385 -255
754 491 451 -675 690
570 703 588 -114 202
535 -746 547 -488 722
-816 -551 350 47 -762
669 206 597 303 218
813 286 675 -635 -471
-215 721 628 -81 -22
589 495 708 227 186
685 -518 64 844 869
35 -49 -934 951 540
268 590 162 925 425
754 -980 -506 510 395
-510 -641 -50 910 784
-107 650 -913 389 -924
-789 248 -317 724 -702
618 850 -997 -675 925
167 -295 733 -791 -577
221 -555 -757 879 372
346 892 -445 -916 -615
-284 -947 461 693 35
-691 638 607 -434 -319
849 640 196 817 579
-495 792 -430 32 961
-333 513 -292 -895 220
580 140 657 903 -798
-1000 248 -88 -728 -471
-650 537 458 659 -619
73 748 -543 -310 756
19 659 733 751 -697
-813 -657 -296 -355 -876
-283 833 -714 -463 321
180 685 726 -509 666
887 46 463 620 178
321 619 844 314 504
-197 316 -773 -401 619
446 551 833 476 -563
877 493 -16 -500 -806
796 -594 -732 -669 -14
-456 -217 -953 156 -395
196 336 -718 737 761
-969 -642 -313 906 399
97 849 831 -411 281
660 388 -800 -917 348
-291 401 320 118 310
-123 -705 -258 777 -346
863 437 288 -12 -868
263 701 539 351 -887
111 -825 779 -278 -565
102 410 -497 -793 507
839 374 -926 98 201
-582 -535 569 622 743
-233 -53 -152 -965 526
231 961 -737 811 -10
687 964 -258 16 128
855 -527 749 -370 -320
810 26 627 659 120
-517 320 -330 -990 -227
254 841 300 548 996
-519 104 -103 -697 -155
-970 -4 33 -918 -617
-209 355 -484 537 876
932 365 893 428 -17
825 -231 592 630 291
-903 511 -934 320 -4
-82 -143 -742 -141 -755
-576 -23 853 751 38
-428 -297 325 -330 546
445 360 -574 -236 658
-153 704 -207 -123 -726
52 -190 -883 852 -955
302 -581 635 -496 -797
-784 -482 -600 532 684
-333 555 -713 582 888
390 -68 146 711 129
-198 646 -157 -775 -137
825 -128 -415 -340 716
-418 424 -799 -953 921
901 789 -190 398 736
-302 405 339 327 542
450 -458 -375 -151 239
624 31 41 908 -927
-653 -338 -705 766 302
897 -900 -55 -223 511
-645 377 404 615 -342
-727 488 976 748 233
-822 -785 835 279 -489
237 160 143 259 272
-770 -802 -118 -735 -510
348 -894 -591 -725 317
532 -459 -322 693 526
-297 -358 -839 -195 -397
-459 -282 641 -153 592
-667 452 39 95 -900
-78 -341 928 44 274
690 319 -790 -238 -861
-817 843 43 250 -125
-210 -145 162 -245 543
626 788 839 460 22
-587 890 -900 270 142
[RUN #25 5 100]
-236 -547 267 -91 -591
-650 852 -449 -45 -95
821 -457 -396 320 425
665 -738 -473 976 -721
-40 537 -141 936 -574
753 297 137 -306 338
876 -149 34 -175 363
899 -335 48 -601 791
435 675 -125 -901 172
858 929 -814 969 -331
619 997 -169 486 481
160 -739 338 928 -245
-678 125 44 -618 -855
564 -518 -20 -163 -628
-461 -151 -61 337 -63
-658 433 -719 295 156
366 -915 -871 798 907
-954 -875 -169 862 129
-53 911 -872 -984 448
-919 424 245 -12 449
262 99 62 -245 -200
611 289 -270 -624 -644
-539 -923 36 -114 -437
517 -571 712 -246 -829
533 -401 -710 7 -474
-435 -185 -625 276 -852
602 594 102 619 -390
162 -439 456 -887 -250
-205 -139 941 -224 834
941 -598 -511 415 397
-682 399 -325 287 -232
430 -745 931 -598 239
-399 193 -358 327 -717
-499 792 -483 -253 -860
258 531 562 -33 938
113 -539 515 -943 25
378 108 825 276 -793
269 -575 -836 -114 -77
-928 466 -984 653 -540
-145 970 -897 -37 38
886 481 -730 -992 -654
391 -455 -984 -926 874
-248 -363 -199 567 465
-98 -835 12 551 -505
364 -919 933 63 -629
192 977 -537 818 -842
-594 786 640 98 -137
867 -338 -657 -894 -693
214 -106 -861 886 791
704 293 585 -763 -523
-17 -123 332 524 -312
998 -443 6 -42 -298
155 -179 -946 -349 114
-634 -796 -880 -764 -1000
-530 -130 -932 -871 -802
488 -909 -434 -990 452
831 -481 -723 -520 185
-523 -609 209 348 -606
821 719 85 -881 -544
155 -28 494 -9 -280
326 -962 227 380 885
-978 -836 -770 233 -815
-727 -686 -570 388 725
821 646 609 109 -969
-584 -515 232 109 604
-609 -544 547 502 568
-251 171 -887 -701 -139
622 656 -765 -636 -834
-64 -439 -785 651 -856
459 -361 -33 -880 -315
19 629 234 592 184
753 307 -945 898 -946
892 599 54 -399 922
-197 287 58 671 -715
860 -335 186 -275 896
253 767 298 -480 536
139 -958 -861 -364 47
264 780 -414 143 -72
688 441 -247 -646 339
-746 799 272 -738 466
895 410 578 55 -644
186 -488 560 -411 -550
153 -416 726 -906 424
-230 785 32 -921 -251
935 -675 -435 576 648
-591 479 691 -93 -631
-493 -377 204 229 404
-514 -892 66 142 -44
-226 -671 -166 136 -85
558 773 486 -627 170
822 37 254 -921 -883
-538 130 -566 -143 -175
-380 543 684 -49 -841
429 -630 -264 -942 -505
165 -620 45 948 -389
-197 -71 992 -904 -722
-417 -409 14 296 -876
-820 -670 -666 -137 -236
418 -768 -742 190 116
346 -205 606 274 107
[RUN #26 100 1]
854 -257 720 680 -406 800 -226 644 -405 836 -366 52 548 374 961 737 718 977 -710 61 649 -990 22 -16 -121 -885 -331 -592 227 -388 -930 163 -254 -338 731 182 -141 -337 -847 -626 -798 -856 531 -499 -974 19 806 76 518 12 429 866 591 551 479 -393 723 347 713 608 -167 -240 -630 -876 -889 -498 509 151 -907 143 -42 -986 -865 67 624 988 -650 787 -755 425 -84 436 888 -249 -58 -883 256 204 75 -86 -184 -711 -80 740 -694 170 -398 -206 976 812
[RUN #27 100 1]
-428 -912 -19 817 507 469 -174 -63 -422 735 -130 -183 -663 -223 33 719 159 -197 849 -749 524 334 -969 -757 -755 71 771 981 494 -314 764 -326 -346 -530 361 -807 -882 799 -471 -119 339 543 -965 -449 737 -600 -121 877 -185 -308 713 -810 -528 338 -614 694 -710 333 -417 970 277 -788 -566 670 -382 -158 -59 -343 900 -927 -26 376 -270 461 203 -615 -765 -453 -423 659 158 -536 767 915 121 815 -481 -321 -572 322 746 -558 -157 166 397 -54 -138 -960 -238 973
[RUN #28 100 1]
-283 25 -857 528 -60 202 -729 -856 -968 -379 708 -428 997 -295 -760 276 -734 -553 656 -389 -7 -435 714 -131 222 -76 664 -888 -579 -820 208 248 775 685 952 -974 901 -503 702 -989 741 655 136 -847 -629 -495 822 -535 246 -459 -632 -334 363 -392 520 -206 287 707 936 -719 -12 -697 783 -383 -417 -440 486 581 -913 174 606 -24 -635 -364 317 -590 -427 -946 42 76 -147 400 397 -520 32 963 247 677 -552 -550 -224 -543 33 268 -836 768 -763 813 11 -881
[RUN #29 3 100]
-529 -853 385
726 -535 -562
-668 921 346
-421 -848 838
843 186 708
995 -769 -813
397 170 683
784 757 856
263 -995 171
185 -21 625
156 -126 -836
-638 -770 -798
-40 438 -597
127 -304 -145
-559 344 653
898 -247 -473
894 -448 -844
949 -648 -792
-684 -482 618
479 745 759
193 325 216
-302 9 -759
-159 411 -487
-835 658 951
-291 513 -241
854 487 -963
591 416 -565
-587 -913 -62
-181 78 345
-783 565 -323
724 252 523
689 126 642
-948 -667 -500
-984 -272 -367
-57 -119 533
426 194 -470
-363 23 -577
902 -3 -45
755 -49 -959
-938 208 -381
966 909 767
-586 -112 -190
-162 -509 968
-690 -934 -142
-604 -796 -726
-731 -526 188
676 -176 -798
742 500 333
999 -673 288
-340 775 709
-654 -177 -964
-259 -940 -845
-345 -397 222
72 996 -869
653 647 860
-334 -640 -813
-832 -636 -770
549 -36 -889
700 581 407
216 -237 -596
-445 556 -757
-62 362 -773
558 -365 -276
340 660 -894
-643 -373 437
-436 762 -321
536 -497 448
-657 -336 560
866 250 105
-441 40 -156
-138 -561 87
475 622 114
597 -465 -831
675 30 795
-785 753 893
-613 -48 452
-669 499 812
-965 -383 -198
656 -754 -17
820 -993 513
932 -830 -986
871 733 -348
-92 -106 -683
-592 850 -341
19 597 -924
-128 -479 994
-912 87 -715
442 -974 903
-532 -670 789
-432 -891 -869
-896 -126 787
-418 -713 793
-268 225 191
-900 702 -322
243 -654 31
-930 612 -570
201 915 -60
-553 167 -585
368 -22 -328
695 -101 -25
[RUN #30 5 100]
-672 -735 806 -828 60
585 -497 -968 -562 620
22 -863 721 700 -47
902 68 -90 113 462
-251 -608 -980 170 739
-328 857 462 -630 -74
56 587 -395 558 -164
885 -890 -351 -119 54
-689 -219 -232 149 105
-522 365 712 -740 -348
935 879 196 -544 714
511 680 -721 -308 985
525 -139 280 11 -186
-158 774 -209 572 276
889 -182 660 14 708
-775 -947 988 353 627
232 444 941 115 -137
-276 -145 525 -465 997
76 494 -623 -55 -884
84 73 -828 -146 979
541 -998 -28 723 732
-500 -698 905 431 -413
626 -996 980 -260 470
-736 -29 89 -788 863
-413 587 91 -647 967
-253 -877 -722 306 -751
-653 221 941 944 858
-923 183 993 918 980
15 890 -675 321 -334
910 824 -297 -598 395
125 40 486 -355 140
496 421 -843 516 -396
-745 675 892 -806 792
-214 356 -819 -571 803
705 370 -885 -534 -72
884 -414 305 -802 -312
876 630 -425 -266 -572
-543 -436 -758 831 -382
-723 601 -565 -691 -836
678 -256 222 -3 -920
-814 -604 -353 -985 -159
-121 837 453 -634 -362
322 735 981 -525 718
-648 397 264 -165 -101
867 -879 449 -29 -766
-76 -288 862 311 -418
-301 671 742 831 -219
431 323 -321 -466 690
705 111 532 991 -161
704 -311 -674 -560 951
-286 413 -268 -75 -439
412 -560 873 -240 -333
-831 393 301 -178 485
-45 352 -525 -870 135
212 675 459 185 -512
332 863 -608 -662 218
-902 581 -676 -606 -673
-926 894 -497 -603 57
-54 -143 80 132 -776
-982 921 691 550 -754
237 -637 579 -909 -189
340 771 -734 -184 -716
-807 181 -383 -437 -326
-419 -847 -186 88 70
-805 856 -193 -727 -487
347 745 -915 -150 250
779 539 790 489 -834
124 613 -217 -543 966
696 105 -361 56 906
-251 -572 675 186 -444
-415 453 -389 349 634
-352 526 61 998 -182
659 -563 -11 402 -859
897 659 -402 791 796
-231 679 321 597 -908
491 -790 -937 954 -417
-646 0 878 345 -249
-573 142 638 196 443
519 -704 -509 -849 609
829 22 -649 -962 -449
-915 -441 554 681 228
67 -932 930 834 262
525 -204 184 772 616
-789 -609 419 888 -398
-573 823 954 841 -681
-448 -154 -364 -314 107
289 191 -684 -403 -245
-145 320 -977 -547 863
-50 321 331 -221 465
-942 899 312 832 506
342 147 592 -103 -470
870 -33 600 -561 -571
-718 282 -730 -84 -288
-677 338 596 616 951
680 943 -30 459 651
-465 562 -444 651 63
-371 -251 155 -768 -266
-286 -111 984 -89 440
-284 -310 -312 584 -198
-548 256 215 500 311
[RUN #31 4 100]
-798 -876 806 -691
-967 -662 -1 484
90 -288 513 547
-984 -624 70 -829
791 -669 -683 -812
-549 -361 138 260
618 84 -606 -715
658 -240 -321 393
-995 -203 -885 -940
-610 512 -565 165
198 846 780 409
-397 364 -824 -104
886 -797 591 28
118 357 332 483
70 -189 -160 456
-127 723 631 -408
893 618 391 -129
493 -908 -192 38
262 -525 -339 -609
988 584 -914 -216
792 -88 640 -409
-260 574 246 867
28 -916 880 585
-55 -166 -169 62
-745 -392 181 -836
248 -594 -881 -722
659 821 -189 387
-95 -606 -543 165
-853 -879 506 -403
-17 701 -396 -863
398 -276 654 -68
-913 -566 -451 -623
397 551 378 70
995 605 543 -918
509 409 72 -765
738 47 -665 614
359 660 320 433
850 -879 243 -49
-283 312 -562 182
642 446 -428 125
558 -57 136 464
918 -651 361 -695
741 -526 -668 -118
121 -421 -465 -819
-85 86 105 362
945 174 815 -505
895 271 -67 -221
-355 737 -523 -352
706 -959 732 -513
-74 952 292 496
-831 748 764 -419
325 -50 -126 -616
-743 -800 -111 -517
-539 -934 619 104
855 -513 -580 -690
-146 173 866 -891
-146 871 -442 -996
794 -557 134 318
-156 490 -594 -843
825 -788 845 66
749 558 -803 -780
195 433 -936 143
-170 -301 511 669
-282 436 178 716
327 -467 -223 -128
570 285 867 475
623 -850 -44 155
-854 366 -784 227
434 -311 726 623
264 304 56 -225
-722 -270 -328 618
-283 17 -811 378
-351 -362 313 415
-531 657 -119 749
604 794 -109 838
584 -572 -472 -978
-475 -90 966 -158
-908 -508 295 907
575 -386 331 -88
-758 -567 53 -388
665 -766 -474 -965
-568 929 955 305
627 336 913 142
793 737 785 -779
373 442 804 -290
-990 -380 -778 -51
-272 -880 437 562
597 -553 -125 206
-290 232 -876 -489
-782 -414 393 888
-386 190 552 -359
381 -325 967 627
45 -753 124 447
-424 305 81 -331
232 -609 -385 -396
-460 888 -453 118
685 -787 -137 -231
477 725 -767 -771
141 632 611 606
-34 647 405 -517
[RUN #32 5 100]
-934 -564 287 -375 -238
-544 834 -888 980 -827
-651 777 -812 261 309
219 374 -944 293 888
-26 -938 -761 -744 603
-530 -415 301 -893 -681
-810 -205 409 767 398
-927 162 838 516 444
-145 561 -820 804 -583
695 -375 342 566 730
-695 41 -767 -759 -644
946 154 -819 409 77
-634 -168 53 839 177
-853 141 804 941 931
895 799 276 936 157
231 -941 -37 242 205
-773 905 317 -11 924
324 853 -884 -527 763
-740 -191 998 246 352
147 -962 -442 805 952
-739 456 -954 -857 -616
-181 -598 816 796 422
654 414 46 -177 -605
690 -584 -419 756 -599
609 -461 -962 937 -879
-448 -66 318 576 989
-729 -45 -447 209 -368
-758 939 -84 -893 338
52 -12 371 -865 -514
275 994 -876 -522 297
-415 -149 14 -333 949
122 857 784 -395 -695
-84 -36 900 -9 -538
-19 295 431 -876 830
-449 -631 220 697 463
4 -138 -784 164 373
-28 203 370 112 341
-572 810 -640 643 -797
-72 891 887 751 473
-141 -820 279 165 -24
35 -128 960 -857 872
-156 -237 -320 331 672
-468 -422 -129 -889 -935
751 80 -556 777 810
926 -994 943 -277 455
198 -200 195 810 -458
54 209 824 -502 -501
448 351 -919 445 -349
-676 -859 -149 -811 -60
-597 39 457 -584 160
-233 -892 836 174 -907
112 720 558 -305 -982
64 -281 557 75 -287
-263 696 -775 991 256
173 905 998 -802 605
339 -818 -379 -700 824
-927 595 -496 471 -865
392 712 897 -419 41
-321 691 744 888 -157
-763 -808 659 -272 562
-386 367 -988 360 209
501 -337 -182 -224 -668
526 52 -950 -506 -102
401 740 619 -759 -862
-634 -89 180 -536 365
569 -849 755 -37 339
-498 911 -770 736 -286
942 590 -509 -456 -934
354 -807 397 491 -103
-589 914 -87 745 115
-185 664 627 24 -851
705 -286 475 -829 767
-813 164 248 -641 980
413 -399 -551 642 -336
295 -541 -503 -37 -409
80 569 528 -182 971
-917 729 412 225 -360
470 957 690 -43 169
-640 710 414 -81 489
729 643 788 -894 403
477 558 573 -974 424
-813 261 -581 -981 -277
770 814 -894 890 -883
47 97 -46 868 -94
447 538 -489 599 -194
846 886 -342 773 -789
349 149 703 633 664
718 234 -799 321 217
-791 -707 -622 -90 824
269 733 986 -86 795
399 -155 243 33 -109
785 871 875 -765 600
211 703 -247 192 458
486 -517 -15 354 -434
694 763 720 -412 688
-667 907 -507 -281 -797
-73 -179 787 -955 -705
324 975 -415 -986 214
-435 -914 -890 454 -801
100 628 -98 -640 913
[RUN #33 5 100]
403 37 -592 118 352
636 938 -428 -848 678
302 -679 -821 35 -946
808 698 580 -437 -853
-574 278 -599 -766 -344
830 -243 -647 -537 -446
-655 123 -443 -947 -967
823 -840 -742 -357 456
289 -721 -361 99 -35
251 -430 507 -122 671
-579 -129 557 -777 654
-567 781 786 -822 -340
606 -51 -123 290 613
166 729 -874 603 978
-227 311 408 922 222
227 652 675 386 -910
-718 844 75 -197 455
-648 -933 -290 -200 -646
-908 -546 -401 888 -819
-437 158 -74 126 332
795 800 -937 267 731
374 284 -745 -553 -970
884 480 -122 -361 694
-500 -55 116 516 -70
773 -492 -678 -903 683
-2 83 189 175 302
-902 714 40 -788 346
-202 -485 -751 197 -7
-174 606 -752 -668 265
-612 384 -545 674 644
569 371 826 628 -971
-764 -170 -754 -310 470
-778 -787 -225 762 371
-612 266 -451 377 4
-184 615 -529 193 -672
627 638 -798 119 552
174 -672 -685 -239 -473
-803 550 -994 516 718
-952 975 976 -128 923
-240 -458 -703 630 -390
-947 -53 32 887 865
120 -974 -977 529 -920
151 -577 -146 551 71
204 563 707 -302 423
-280 -519 -229 866 906
760 875 927 -627 -340
-174 720 -702 155 142
-944 -672 147 -693 709
-290 805 -526 930 851
330 746 -479 654 642
461 496 -986 800 125
851 82 -287 -731 -461
783 -136 -932 -65 351
998 -989 471 108 -542
-552 777 -863 -580 -818
93 383 45 371 364
693 26 -469 348 857
-795 503 458 763 521
733 869 936 778 448
696 -208 803 39 -635
840 -818 -956 643 636
240 -635 738 -329 859
-52 -917 494 -87 306
777 -695 312 -980 -416
29 -867 -506 194 -488
-165 -978 584 -281 -184
-225 -708 -719 -734 967
106 861 -426 264 -127
-63 753 -372 83 -665
-952 627 -112 446 -882
-119 -180 389 684 -153
885 695 40 -381 -830
-548 596 -272 858 -191
913 -824 18 792 -395
-939 -4 963 999 67
262 -204 53 424 -741
16 -921 -910 336 988
228 -294 356 -208 924
899 -112 -651 -417 -696
-454 427 -968 373 643
915 -981 -890 -872 -121
890 -826 -406 -108 -674
706 335 -69 515 547
375 291 826 -407 579
889 -562 477 -493 212
-716 -630 579 437 12
507 862 994 795 -293
-981 345 889 447 -950
-130 689 549 584 745
-292 538 -104 361 665
-843 -880 -896 -868 898
-926 919 -283 338 -689
-508 625 -726 178 508
801 404 -704 408 -401
-4 -428 728 226 -467
135 669 -900 0 571
-882 -13 -535 -555 -329
762 -779 187 674 820
171 992 -303 456 -343
595 -546 615 -963 346
[RUN #34 4 100]
-545 -961 16 706
240 -24 -13 332
601 -286 -590 -481
-45 -427 458 -617
416 685 -524 570
-765 -116 380 2
335 329 -525 492
355 -375 -843 815
-482 8 968 983
-796 800 246 -677
164 -217 828 -661
-154 -499 -391 -423
-90 -618 -107 57
327 -210 46 553
-392 416 570 -229
36 -6 839 837
609 -425 -289 -650
679 -447 -211 503
903 884 -500 -364
-865 -41 -964 -726
-664 674 40 72
135 262 91 773
-891 -348 -252 -578
215 -474 279 618
-452 747 -813 976
185 -117 189 319
-883 950 881 621
133 202 -334 274
-547 413 61 -58
-939 585 814 750
-391 -830 796 -614
238 -713 -105 159
210 -399 797 -193
-407 837 -215 45
-105 707 280 -162
-83 268 -617 872
-717 -483 -618 743
-139 -231 -248 897
957 270 209 -732
226 161 154 -40
-925 -958 -361 -25
-580 -343 -777 515
527 521 -380 820
-369 -190 813 -89
525 113 -235 -938
905 779 -763 912
745 441 -686 -335
-385 295 -56 55
-874 -253 -711 -610
731 722 714 573
-657 551 -186 -28
99 585 955 556
943 -561 -679 -736
819 634 654 399
-170 264 -635 998
-992 -639 679 -213
592 -553 856 -907
340 -956 479 525
699 550 184 -674
-976 891 -299 -961
-422 427 654 -685
986 453 -786 -870
-335 -34 -554 -937
-477 -698 -738 972
-320 196 607 -662
-717 929 -807 152
-512 968 775 -948
700 -793 728 -401
-668 551 8 384
-57 978 925 -487
759 244 -472 -824
849 379 411 -611
190 310 717 -124
967 477 244 516
-900 432 -639 525
838 501 -585 797
-687 -80 944 -385
-560 -34 -365 -423
948 40 -688 -777
402 565 198 769
594 377 432 -143
215 392 307 -895
-770 -336 206 649
50 581 744 153
807 -918 917 383
-767 469 813 643
749 74 -297 0
895 137 583 471
-104 -860 -342 891
447 -780 445 -723
-755 -451 -571 -592
-627 -638 -809 12
489 270 -247 -981
697 -526 -390 372
-860 -550 968 -523
400 462 569 558
-71 130 503 449
284 -485 -770 -739
657 -246 -818 50
-8 29 -775 224
[RUN #35 3 100]
-489 -252 -141
544 426 -600
368 -310 -558
-718 -453 634
986 -685 773
447 650 230
-752 -781 -940
629 34 626
753 -763 -151
-475 -895 -809
74 -51 371
291 -206 -659
-658 911 -782
468 -211 243
422 -71 74
-433 109 391
-854 329 181
-406 363 180
548 -566 -591
-935 124 258
-313 -227 852
154 -336 -811
-311 -150 -265
789 389 753
-985 526 440
72 822 970
-286 -734 541
201 975 484
440 -183 -544
-980 -280 -348
580 894 -158
-294 457 -392
129 -425 -314
-341 -392 -626
-864 -179 -45
319 533 -136
-19 201 910
-516 -547 -220
863 566 543
-607 -521 -830
-638 -495 982
185 -885 -141
538 -89 -278
393 -646 292
-461 774 570
-795 700 34
291 -108 -612
639 -908 944
-898 497 628
-334 309 -253
-207 933 -502
451 227 -734
-375 -812 -1000
-846 -18 427
-43 -298 915
-779 46 -997
-58 245 -857
703 -504 -580
284 -922 677
-982 238 108
-53 -4 638
506 989 -200
700 -936 -71
-140 237 422
36 -835 -468
-183 203 164
891 294 -796
-813 -638 -537
-901 -507 -197
-614 -725 46
548 -155 -145
-879 393 -59
284 -861 -122
-567 -991 -816
768 587 -442
621 392 626
-854 637 -96
-625 -579 -629
894 735 -742
671 151 -373
-167 276 585
-521 -431 400
-454 641 262
21 -161 264
-276 -296 -189
-369 -355 -750
461 -613 -370
-997 67 0
-846 -468 -662
-372 -774 -412
999 -182 985
-233 981 550
587 -834 136
75 854 44
432 917 767
-520 -563 627
751 14 845
100 -459 473
275 821 902
-95 212 -343
[RUN #36 2 100]
-513 -703
-782 -772
498 -163
42 -500
527 214
-226 292
-493 -447
-225 376
288 -208
205 755
744 -880
-803 -40
-952 -817
360 122
315 -197
556 -407
88 50
-771 -804
985 -610
149 -651
-390 938
-170 -695
-359 567
-679 989
-292 -737
-376 -411
-872 -638
51 -126
162 540
-508 681
-138 284
641 -409
661 -631
223 -328
132 -18
214 -766
-79 932
-428 -326
-964 -244
306 -702
883 888
407 -349
-955 -413
769 328
-801 23
401 299
424 -712
579 -632
291 -772
772 -765
407 549
-864 901
-793 464
283 518
-376 37
916 206
198 652
731 916
-940 678
-345 -834
610 -860
-817 -520
-739 982
194 -105
309 89
809 112
685 -192
809 -181
798 874
-548 711
567 265
490 -997
-740 400
-516 -132
993 -262
-88 279
937 920
-966 465
-28 -459
362 87
815 -978
953 -2
478 -325
-747 -805
268 -815
-112 374
-710 577
-3 160
-800 -49
89 -886
641 8
974 -226
-910 936
-127 231
217 -136
840 43
852 950
-435 703
-655 934
-210 -434
[RUN #37 2 100]
-52 957
-271 -140
-909 -7
-548 -167
-566 453
204 -435
-731 -638
314 -512
-78 379
839 -489
525 954
729 -623
165 -654
735 -517
-637 393
-111 -175
996 874
216 -120
-38 -714
-752 -721
-56 492
545 972
89 -183
535 667
168 512
-767 -329
884 -764
-982 -307
-16 -240
255 -936
-452 162
-363 -358
-35 662
-43 -224
-933 361
-210 -246
425 383
-239 208
-872 804
-392 109
475 191
-904 -102
470 560
714 101
148 -443
823 687
-813 23
522 -746
617 -553
-37 -599
504 -678
757 561
213 685
-818 -557
310 507
581 -419
-116 342
-240 -838
351 -161
-522 585
725 279
-566 -997
39 -688
178 881
289 703
510 762
-464 631
-163 265
-44 -682
893 -553
-118 370
30 960
151 765
-328 268
3 -906
-42 450
-411 -332
622 -852
-278 462
651 18
342 300
-921 678
-926 -398
552 -490
-110 -386
-67 -157
-841 552
637 323
-441 -15
-982 -544
-569 -298
690 670
894 -467
110 38
409 -252
241 737
690 -696
591 -943
-157 -937
-466 253
[RUN #38 5 100]
221 952 503 710 -529
171 -326 -688 735 931
264 857 -107 -427 -689
632 -188 -770 -346 -777
-534 -814 -566 -41 614
565 -317 -658 319 -766
-82 -637 346 -925 -789
-627 -699 -419 -191 190
-443 733 772 -7 636
-44 625 -833 724 101
859 -102 775 -579 -481
978 -816 -534 -705 741
-245 282 -232 -488 -780
-579 -919 488 727 -233
490 -917 501 368 -365
-658 -534 75 102 377
854 -300 373 -849 -845
927 849 417 188 -318
-984 -429 861 -5 -287
419 -36 -569 -570 33
865 223 -327 -32 776
511 -943 -765 0 820
417 209 -524 991 -111
-295 648 -267 -990 -293
804 -319 915 -656 -68
-403 375 498 322 -975
-975 -751 -931 -904 721
-664 854 440 -541 -105
-871 -458 346 882 -86
174 -867 -98 310 -647
608 -99 -781 -774 307
-647 -955 774 646 603
-29 -994 667 -711 -124
162 604 944 781 -423
723 -611 853 -444 829
-448 -934 260 -260 271
251 860 576 -616 -470
665 -992 313 429 -985
528 -977 -741 483 784
-941 -394 259 7 -4
912 -628 631 204 -148
-696 -268 856 -77 -688
-7 -199 -437 -629 92
-512 -950 -75 739 -1
-593 -94 -770 23 979
670 945 11 775 944
981 -472 424 686 -872
181 -146 626 204 -796
-343 -737 825 -470 170
-765 395 558 653 -962
-318 -636 679 857 435
-920 -493 -909 -720 -956
441 -61 515 391 -744
725 732 534 393 850
-245 136 -333 -122 -174
-859 -783 784 481 -94
-614 -719 79 -569 330
859 931 228 541 1
-665 -985 -214 808 -503
709 -845 -76 465 393
-446 685 554 288 422
395 880 -764 389 -968
166 454 67 -484 807
947 -298 -550 -331 67
-275 683 -201 -124 -506
-56 136 527 -963 -991
518 -996 562 861 686
234 -408 597 39 778
-215 750 -79 -559 -349
-550 265 311 -115 132
-494 696 -614 -395 -806
-375 -948 -735 716 662
484 -734 132 -219 795
-373 567 662 834 853
-978 -821 632 65 11
-972 418 995 326 -92
622 -70 702 -362 103
-961 123 -177 -371 -610
335 -506 956 384 375
177 773 728 -968 86
418 -868 -788 -526 337
-497 950 688 -549 -292
526 96 853 750 -523
33 -366 -310 -12 156
790 -178 217 -210 -17
-434 712 -473 250 -897
-262 -352 -644 -450 473
-875 -728 837 -747 518
-870 -817 -666 -113 -315
940 680 -406 193 434
37 387 -202 364 -831
-750 -905 507 468 -991
798 879 -236 -386 362
127 426 -765 692 73
-452 163 245 -509 468
649 49 732 33 625
-339 966 212 400 478
593 -992 418 -293 -939
152 827 257 -412 -674
90 -574 672 -2 732
[RUN #39 5 100]
903 -32 892 -716 640
635 -361 954 637 -287
189 -490 -918 965 84
-664 -236 704 43 600
527 635 571 65 592
-22 -430 -971 636 546
-65 868 577 325 -57
-740 190 -172 -41 -750
-860 -2 -61 -4 -387
449 328 382 -258 787
-262 -298 -853 150 -487
-576 -669 -35 873 -766
4 895 61 -329 173
903 244 917 -464 710
-585 -9 704 360 676
-99 676 -476 827 973
684 -987 332 -81 966
397 127 739 178 666
-79 -468 -804 -512 -104
-906 -340 -678 622 -638
-471 -645 688 -516 459
-954 -972 -456 -322 405
-424 -676 904 -442 -164
833 431 -749 -226 -914
-803 39 257 479 570
694 -814 -94 -190 -446
-236 -854 312 93 -308
279 144 -814 -73 266
502 749 -693 -372 312
-913 -46 -750 665 245
-127 -638 -658 771 -703
56 637 -670 -821 537
589 -603 -507 -595 175
389 677 -828 -246 267
369 -750 -720 81 737
-137 -320 243 802 -173
-617 966 -776 458 -675
-48 814 -314 935 -895
-212 237 -266 374 486
-787 -142 116 40 -447
-642 -510 -545 -536 882
-930 820 -116 -310 406
-10 360 -375 -539 611
583 -828 -954 719 35
-395 -393 852 886 -639
504 252 -557 928 -575
-795 -773 -553 -71 821
-455 -920 637 367 -345
650 -76 620 363 684
708 973 -862 -163 -906
-135 -278 -182 879 -342
171 114 317 568 -65
-432 420 -910 368 691
283 -748 -691 -608 81
733 483 -279 -454 24
-498 -463 -413 -839 132
358 378 873 354 373
578 -327 -345 723 297
710 304 -279 -192 666
285 930 -14 -470 634
777 -844 -510 -494 908
-462 -495 234 -365 864
-470 -930 744 484 361
-143 865 -267 241 -826
394 -410 -404 -481 773
-901 695 282 831 -837
-333 -726 -255 -884 -173
-722 -435 -390 490 280
-916 306 592 -851 -767
-643 791 -836 -939 -235
448 961 316 644 -696
612 656 -954 -780 -274
716 942 -696 -328 -389
-891 -720 846 189 802
-622 748 399 -604 830
940 -430 221 -1 -566
359 -622 -322 646 98
27 -668 -868 908 720
-121 180 755 412 -429
364 753 -641 -448 429
-202 676 -721 -818 549
299 -458 -71 -537 574
811 538 -24 -526 227
724 -10 359 -972 821
674 134 148 93 149
6 -946 565 -158 -233
210 -92 142 -586 -982
378 -809 -613 962 -30
145 489 -907 -667 -628
-836 686 -940 838 -65
-836 981 171 -586 -504
960 694 -488 -322 341
238 -484 889 -448 568
-74 832 -198 -149 -969
579 -321 812 107 655
40 -911 385 349 -990
-714 -74 -887 -340 -903
-534 802 -852 -942 43
815 -723 962 -728 -211
-988 562 913 502 337
[RUN #40 5 100]
-250 -677 -218 -615 966
-662 -778 -407 240 -845
-454 -903 272 768 836
-935 -561 -601 -362 237
805 -732 445 456 -125
574 136 -252 640 -2
22 -930 -229 -642 -558
344 -417 702 -806 745
-469 -86 -173 -12 -946
567 -343 -221 711 -163
691 495 -571 932 716
792 -753 920 -78 218
903 -120 -477 30 -242
787 331 346 450 -704
-121 -550 728 849 -923
822 -803 -61 -141 675
889 572 233 439 809
721 -922 -821 364 823
-475 183 -451 -965 262
-692 586 540 -515 -924
-91 160 -589 689 -982
666 210 -103 -874 881
965 736 951 71 -146
-132 303 908 181 574
-151 24 461 -979 -878
248 -148 -460 158 516
-135 572 930 -774 532
-138 202 717 350 -594
-510 -180 520 757 751
479 55 -953 -468 -482
8 785 -978 -720 505
-239 858 -45 -659 875
604 309 -671 -533 952
-430 352 -39 775 44
995 231 -47 -858 70
-120 -612 838 -924 -800
805 -984 315 -357 923
508 -823 179 -149 -40
843 -615 389 -338 855
-440 311 1 -1000 205
-321 839 246 -830 94
-632 -810 781 256 571
-970 -625 756 586 -695
691 -350 -370 -769 -894
-87 43 640 -727 -820
-683 -309 54 -464 865
565 -525 -432 -164 -536
224 128 -895 -641 -394
932 -695 -768 -491 -219
-109 750 889 -701 -365
703 256 154 303 283
-1 -59 239 971 -104
186 482 809 315 400
-409 767 553 -835 -489
-514 860 413 -72 999
357 -367 463 243 212
178 339 570 675 823
740 792 -20 -956 -282
-285 -255 -415 -174 611
-776 311 -981 186 -90
868 876 -159 -492 669
618 -995 -876 273 42
-87 264 -116 -161 -897
-872 468 -268 -617 -790
197 327 598 242 -135
200 -531 84 -914 574
-989 -952 -650 322 931
157 620 910 -62 26
-327 -648 -788 466 -795
-578 -602 189 -995 267
191 -379 -533 -941 800
-308 -41 -527 88 769
-605 55 256 635 440
498 186 -745 908 538
104 769 -582 590 364
878 -962 -852 -273 2
-911 960 510 -819 -265
-745 -682 887 -648 -853
604 343 5 -292 404
904 783 -176 169 964
-15 -285 376 541 173
761 -597 925 -809 -393
787 -65 -788 67 -996
-235 893 852 -954 -747
-202 -372 -731 930 45
137 379 70 517 -402
828 131 345 316 136
417 -185 -821 443 125
-429 -15 -403 -401 361
-825 932 318 -422 -655
-69 -804 -226 977 -526
-162 -286 -348 163 66
-574 286 -219 -300 -264
-828 976 -574 332 755
-946 -981 -347 136 -127
705 20 199 -328 -234
-700 194 -668 901 -448
-555 -409 -194 679 -79
-529 -924 -732 -183 -694
-898 -550 860 -641 -365
[RUN #41 5 100]
602 301 926 -718 -37
460 -655 149 761 941
-501 -41 -257 681 -897
-62 -421 758 818 -974
205 -777 -799 699 488
-935 527 -480 192 -899
-852 26 -181 665 711
472 180 640 -175 -54
-47 -496 571 549 786
558 440 -704 872 -872
-207 -967 995 946 -936
410 644 -103 164 -176
-434 512 -954 -762 -497
554 -406 -393 -526 58
700 982 -136 -443 -507
666 -659 682 191 -605
-790 -234 243 963 -789
-14 -38 -25 509 -235
905 -290 617 -385 759
-284 -719 -410 -771 -554
210 772 -460 859 598
-61 442 746 -349 600
-308 -408 226 -910 927
-459 708 921 788 -258
67 -399 137 -309 835
173 82 -280 96 -288
388 787 -240 -921 -372
615 -243 610 84 724
829 -427 195 -4 -601
783 297 -827 319 946
-859 511 644 -511 -192
302 810 -426 205 216
-905 666 66 982 -187
551 307 173 568 -541
477 449 977 -696 590
659 70 702 -20 917
-730 -432 634 202 401
969 -141 688 252 -322
-120 110 686 -82 -86
-745 -26 -404 -169 -609
250 114 -829 -645 410
-906 -591 -528 -551 -640
-634 -977 812 162 301
762 664 281 -344 -438
-458 -32 -684 -717 474
200 -298 -429 364 8
22 -508 -137 -522 778
235 -69 -926 720 431
-43 213 -567 916 -912
966 343 80 368 335
56 -796 988 676 -257
-463 50 426 430 -5
414 186 -472 -362 808
-417 851 -795 882 -874
-245 -176 -709 600 -57
808 -496 677 760 319
-323 948 -909 -306 -911
-731 -115 864 788 238
95 773 -148 424 -358
-92 -154 -10 -982 -839
-253 950 839 672 347
-784 521 -531 -566 -97
303 710 -441 -186 -773
648 -116 935 491 400
-529 -616 -353 -908 183
-1 -456 -474 -69 926
581 -680 -466 96 108
-967 637 87 990 625
-582 -234 -538 -271 -395
[RUN #42 5 100]
42 -429 -969 766 -876
416 931 -842 597 -547
75 334 -195 -188 453
-727 366 -990 -28 421
548 731 -749 -506 -383
92 284 -900 964 308
986 819 173 -518 -390
663 530 520 152 335
-17 -194 883 -575 103
840 195 859 41 -290
-326 -667 -690 -788 0
-831 103 -64 -377 621
-658 -800 -684 -494 -421
611 -202 -951 -583 660
-386 990 -42 -737 184
-752 -295 847 -441 601
163 644 -600 536 471
531 -576 640 -384 -287
588 261 -133 176 -803
338 -42 442 -27 -992
507 -722 -961 745 53
-24 150 576 616 956
-649 904 -735 -271 734
168 597 164 707 870
438 380 -684 -102 -201
-296 248 -791 558 -987
753 -888 293 -898 846
-930 771 528 377 -776
-261 153 -222 -508 963
224 237 -101 -880 984
-865 615 706 426 163
717 -188 -788 -131 -688
-133 6 -721 -944 -204
-785 -568 746 375 380
535 -164 -271 -466 -554
759 662 756 439 -855
-135 229 -776 -993 -146
-105 -67 -585 -340 -709
-315 933 372 988 557
-894 -758 -969 -502 -315
-886 44 251 977 357
-760 -123 -767 852 -961
812 632 285 -507 499
486 -916 -276 -307 844
863 673 311 333 585
-383 288 210 -409 -764
543 774 99 -316 -251
-153 495 -719 575 399
929 -950 305 -985 644
-385 -959 -11 360 938
-784 -686 -526 -131 -803
-251 898 -330 904 219
-759 -276 175 224 613
333 977 548 201 364
-426 -420 591 -124 -381
-958 -778 966 577 -175
747 -490 175 -722 -277
-950 710 -177 868 445
643 587 835 -338 457
-611 950 -333 200 503
418 -114 -658 -71 605
-529 84 -554 258 151
-591 -635 435 15 -382
565 236 162 -37 100
455 -280 -733 630 -42
-949 -481 -287 -941 -797
356 465 -86 -534 -971
676 -564 27 -186 -456
-431 544 220 291 187
-687 -859 -202 872 85
-176 -418 289 -226 -223
-289 296 112 148 -270
775 178 -426 -835 -515
542 -339 -65 996 -884
-322 -898 -943 -920 234
707 396 682 290 -793
-622 -337 -529 679 -348
24 212 -730 464 192
908 -218 598 137 -422
-345 947 -798 -367 -567
440 492 411 -141 -6
900 172 -98 813 -268
313 477 -469 -325 -29
-674 768 278 -199 667
-580 179 433 959 896
-72 -569 -411 588 699
-717 -520 385 -854 326
-122 -76 -595 482 243
266 -84 -88 723 -249
716 679 -209 -752 357
311 118 -196 880 103
836 -140 255 -411 412
241 273 398 -465 599
-354 429 -212 111 -731
-167 -770 238 968 725
434 788 -284 -183 -147
236 122 324 439 252
327 -957 281 -887 -909
-682 16 86 395 -461
473 -262 446 -402 360
[RUN #43 5 100]
269 -993 440 175 -774
-732 -319 585 -347 -253
185 319 476 -42 409
-926 -196 656 -325 395
-201 214 -833 409 169
-362 6 145 959 -652
676 -508 -816 -980 945
-995 -310 657 -859 501
959 -200 -166 845 -495
-961 555 -231 -892 551
-590 -54 562 -756 -703
-481 35 702 439 -143
-130 69 230 800 88
223 415 614 -436 64
292 -592 914 443 20
920 -501 312 -384 529
-452 768 808 114 -9
-994 852 -133 952 480
39 689 -559 390 -189
839 -226 -581 -604 -634
-868 -515 164 -332 155
-711 -994 -635 714 71
349 -202 210 -581 -163
-122 -51 -977 -69 -962
523 -745 330 -347 -263
836 286 -744 366 -656
682 965 492 737 -246
48 -121 888 -669 516
474 853 -588 -514 558
-412 -22 -716 23 837
619 -363 -99 796 -261
-40 161 -994 -124 590
-270 75 -379 768 73
-441 -722 612 908 796
578 -805 -997 214 76
-964 -55 -710 -374 655
-759 -544 -676 -641 -837
379 925 290 237 -336
-861 -55 -39 235 -353
-19 242 289 97 42
-26 -35 69 -493 137
-957 171 705 3 91
-178 722 -562 23 999
-262 974 -328 41 44
764 -190 222 712 583
559 754 972 898 805
809 392 -980 270 -938
945 512 815 -803 404
-47 353 -98 762 99
-516 891 -586 -284 -66
-699 450 778 349 -642
-622 -116 986 11 -267
278 579 -253 355 36
-888 81 212 528 -148
-585 -208 -755 957 56
-39 244 600 540 -751
-648 593 368 -264 -606
-467 -630 233 -973 -743
317 592 847 40 -461
49 328 839 880 -846
-366 52 64 940 361
-582 670 960 685 185
924 378 -446 -760 560
-908 371 -762 990 704
230 804 -441 -532 717
867 42 766 -271 839
251 -429 743 -610 -383
-12 827 176 -453 113
709 -736 -223 -96 758
322 -835 826 198 -221
455 -652 -2 -110 691
-660 312 -459 78 -344
527 894 606 -854 -414
877 -652 -901 55 770
2 -32 -901 852 -995
780 305 -291 -419 -667
93 64 -778 387 816
537 659 124 -104 727
-623 533 912 350 -471
-790 95 33 -778 568
-473 601 -771 -844 -874
13 -917 -188 680 323
455 -713 -748 720 500
-284 -93 -319 -509 830
-673 -240 143 826 -554
632 -667 550 271 -466
-989 266 546 98 647
-735 984 551 355 44
670 -539 65 -830 34
393 -556 137 160 301
223 736 414 -371 -632
-826 937 -161 -135 -860
-262 -265 540 90 489
-634 928 -198 92 -496
-559 -305 -763 54 -278
886 -228 -321 -716 881
681 -611 -588 386 715
161 52 -230 -845 -547
-804 -357 575 29 968
700 -403 277 -625 464
[RUN #44 100 100]
194 238 76 930 860 -820 -632 147 923 85 -392 -620 -514 678 74 492 -926 -234 527 -175 7 -202 819 785 280 -498 -775 579 650 -804 264 161 503 971 523 927 1 526 659 -363 -641 -870 -129 -980 248 999 -94 984 60 495 622 281 -416 165 -876 904 738 517 -241 463 -772 963 -572 -757 425 680 -1 -239 12 207 -579 -725 -846 18 802 987 -826 480 -347 -188 191 -380 -346 -46 464 -921 132 -50 94 -516 -326 -398 -87 820 -644 407 -75 378 620 468
146 -497 -591 -70 -964 339 -665 -712 -622 -387 -502 -978 -392 -944 -457 -383 845 -82 452 -724 -881 -621 -887 204 598 -266 77 45 -285 -679 554 188 -954 79 520 -556 866 -143 -223 741 -892 -994 799 -792 -219 -177 816 579 -328 -395 -680 -726 -4 583 -32 -400 -673 -417 773 -582 -768 -485 309 -109 472 133 -951 950 -413 604 -681 597 -296 -62 388 392 288 -698 -608 507 913 -54 -173 -425 67 -195 -585 4 -111 -370 526 766 -267 460 314 419 686 -816 745 -494
-747 -762 -644 664 -776 816 144 -782 -334 478 -419 -183 448 -552 211 837 744 -482 -154 -247 798 163 917 -385 305 -232 -167 -896 -270 180 -520 339 -304 802 -495 372 175 -233 -463 -147 -564 120 198 442 698 839 -280 -440 -9 -790 691 -822 -624 -783 109 65 -551 118 -148 244 674 -276 -459 949 -995 452 -72 -100 -885 -382 623 -603 -651 689 340 -317 -50 -846 227 -765 -129 -389 -829 -124 857 707 -951 214 -534 278 -654 408 3 818 316 610 43 998 -814 -639
-435 -441 -157 -133 -397 866 -884 151 -655 837 -944 -112 408 -122 284 621 211 363 947 827 585 528 230 864 -460 -529 -120 742 -574 -819 950 -629 465 178 523 -230 124 932 449 -261 -843 -43 -9 -467 -141 660 -98 350 664 -721 413 46 -547 682 618 -907 -304 -449 148 -507 -823 882 -916 139 -723 949 -830 -220 -963 -166 -428 -170 -745 106 -530 844 -367 301 305 596 928 -787 -137 672 -809 109 -385 -372 376 -591 -765 483 38 -554 -858 -65 -67 -205 -142 936
-675 489 608 474 -86 951 -1 401 -10 -741 -673 -127 468 199 946 703 755 79 340 175 402 922 710 -389 -317 -797 -669 664 -688 -930 40 -236 -97 -62 282 -492 853 -180 -751 -147 843 -605 -788 -354 -282 999 -557 -763 -981 466 -328 -753 -426 942 -646 -456 494 -681 565 -16 163 -968 195 -468 85 166 -586 -926 -330 -275 -612 -727 568 -974 -300 -511 698 976 68 579 310 268 -593 842 -446 83 -860 995 -936 544 -245 646 485 -838 -845 -160 589 807 -385 -165
-229 198 -425 -876 -671 919 855 38 -774 783 -201 300 459 -383 -637 116 277 -442 575 701 605 490 -645 -351 -679 680 -621 -698 538 -730 -111 501 -895 647 638 155 -661 665 -968 -134 578 63 573 -335 150 -572 -278 697 169 -289 664 805 171 170 -631 -410 -106 -486 -561 -193 -937 -93 837 -391 -961 -421 419 56 -174 398 286 -34 47 -317 549 -166 216 449 -436 -588 -570 -342 -340 478 -778 -731 990 842 -958 137 710 -687 515 -534 956 866 -648 162 880 537
55 160 -640 -376 410 755 942 680 445 -858 -710 826 33 -939 192 -458 -872 -175 174 -795 989 -847 -398 -883 299 581 -523 69 -481 -127 766 -282 -303 47 282 -144 -530 -657 -953 760 -200 -861 927 -556 -670 -245 947 -578 -93 369 -137 -807 -401 -75 -420 142 548 -394 -501 992 -322 -504 212 -775 -428 71 -686 -552 -465 -697 529 101 999 -541 267 333 -231 -938 -896 -343 -1000 18 871 713 957 232 -591 -592 -577 -956 -494 -893 472 730 -769 138 434 -292 402 141
-674 -390 -948 15 -710 14 -664 -401 178 199 -953 -939 585 373 728 -859 -714 358 -761 809 -825 -957 370 -488 -226 271 -385 837 719 -240 -776 -790 -15 968 -880 162 -201 52 747 -215 -254 509 -512 959 473 88 275 416 547 693 638 722 -328 575 -195 -482 950 -748 -272 305 -112 -570 835 -918 326 572 -979 912 -410 766 401 946 -394 -53 568 838 -870 827 -969 -423 3 120 -295 -258 218 -362 32 -407 -734 -220 560 -706 337 -350 -531 -478 46 937 -582 314
-772 652 989 361 390 161 -74 -236 -366 -237 125 -912 -873 -927 955 629 423 -114 -49 91 827 934 -127 -4 -606 139 -662 -665 -739 -316 -808 -172 937 357 910 482 -63 436 -163 468 158 -128 -994 -248 -420 674 71 -408 12 -590 -348 836 70 658 108 -226 -541 -285 440 254 530 -914 644 927 -213 619 -247 -195 -577 819 553 -180 671 -624 -535 -988 104 520 18 -990 -271 -42 684 576 253 -322 807 -740 648 174 928 841 259 790 500 263 54 749 -670 243
-356 -312 -163 -13 -824 -402 -984 488 -976 887 636 229 -298 -332 -718 308 604 845 729 -941 544 790 821 16 -688 146 -741 -950 -776 647 -459 309 563 -937 782 -278 -382 -836 -351 682 318 273 -4 817 531 28 -863 -190 -252 464 777 -367 913 -156 -626 122 -164 -404 -900 -186 -993 -516 -36 621 306 744 161 115 -331 -940 -395 649 140 856 -150 24 -888 -479 870 -66 -161 832 -125 859 297 -841 -1 -326 -677 -707 171 -646 -117 -123 -957 669 -17 -952 360 -62
616 -845 840 -281 -980 737 -536 -260 313 146 776 248 -439 42 546 540 306 521 -459 884 -985 703 -665 398 147 -196 308 -71 -823 422 51 -630 -311 207 406 -152 793 239 -273 761 -320 604 538 812 552 -312 828 -997 6 -874 780 652 619 -562 907 436 -636 -623 -42 254 -371 -771 -268 286 915 732 -242 653 34 145 237 -10 785 114 -289 449 -818 -632 -181 -300 -831 924 675 -154 109 11 928 397 993 -22 617 -794 438 -852 834 -934 556 -709 -476 353
814 -454 468 -181 459 995 807 -706 410 713 -616 -3 -472 -979 478 536 342 826 -612 476 -798 -284 388 827 356 690 -587 226 -18 -775 -536 846 303 -259 -384 -660 269 452 -7 854 124 390 534 142 613 -493 -754 764 -779 249 -681 709 -944 -573 -714 819 741 923 -928 -605 503 -514 271 -141 -29 -791 924 653 182 -38 198 259 -434 -425 -942 384 -684 -999 -736 -281 633 -741 -163 -538 76 801 841 -552 718 -227 -94 541 -197 -973 -401 -572 7 698 284 37
603 -341 -190 584 -757 355 86 -22 -393 -18 754 -276 -391 -138 444 -796 -124 927 824 -748 480 -887 431 253 946 -691 -230 -108 164 738 606 -626 -14 -448 -384 -177 -856 481 -445 -192 138 -964 128 -265 649 538 630 837 448 -521 -41 -526 696 -165 644 730 -8 -520 290 -193 897 154 -447 62 479 263 706 -148 703 309 -349 184 -568 450 -367 -282 -35 -827 101 -550 354 789 -98 -943 -651 57 220 -172 -731 495 298 841 -528 307 201 -921 -928 489 -426 -257
-838 -821 652 -202 -615 904 164 -110 -694 250 -841 22 -56 940 644 76 -282 327 -827 764 706 -736 242 -871 335 295 -663 -167 640 65 15 279 664 -126 910 -65 -519 803 -581 467 -985 -148 -571 838 876 -604 -422 394 -784 116 54 -607 374 815 624 436 997 -569 157 -870 -423 40 -839 771 -826 -171 -173 -38 -928 -331 991 -281 -606 -885 -927 338 267 574 579 -925 -130 -829 -389 917 874 642 -778 846 443 -115 723 772 -424 765 695 903 525 342 392 42
-662 126 414 -504 -833 -380 291 608 -217 610 656 714 -542 -341 313 -805 -267 -387 189 253 177 552 89 565 -591 -872 543 386 203 858 214 -487 -268 -406 -696 -652 -426 -30 226 -212 -143 -748 29 725 65 968 -215 257 538 129 -786 774 604 462 -768 -653 -318 8 821 294 -257 -274 -900 708 167 -654 536 -62 876 341 75 219 157 674 327 -802 -785 -408 979 -716 299 693 -952 -85 -317 497 -495 -757 -665 235 981 -852 -625 960 782 23 -668 -797 -502 -364
-473 -128 -744 -421 446 885 53 -415 630 -11 295 816 531 -383 696 -90 83 -385 -207 726 776 -256 -842 -300 -700 -238 558 -884 -59 348 612 -780 -274 -762 135 -12 -603 -462 -172 213 -188 -16 -461 -222 -607 903 241 -717 330 943 -117 203 -593 120 550 -743 -631 279 -378 -896 971 512 -745 642 -1000 -98 823 -187 728 -931 -158 -697 222 -314 -667 -476 -296 -819 628 783 368 810 -34 -570 245 -208 997 749 76 -475 797 -531 -736 -200 524 542 -406 258 -971 -79
607 198 459 655 221 384 196 351 611 609 123 -572 -310 969 241 957 654 295 70 -150 -16 540 875 488 779 -1 -551 892 -681 355 -602 -170 -457 297 -498 90 -460 398 -605 -415 -392 189 987 -552 423 -862 130 897 75 -63 739 -134 -477 96 -573 861 595 821 928 841 460 323 -806 -102 -867 -675 985 340 139 -154 -182 -909 169 962 -137 -616 -609 531 -39 -403 -514 127 966 -207 -622 -620 -497 -495 -238 -388 865 273 -296 726 -893 949 60 -686 -120 -321
-827 102 -228 -835 -466 196 757 -187 -552 357 849 613 158 -736 73 -368 914 499 676 139 226 -341 -190 633 -454 908 440 542 -826 -690 603 301 351 -34 310 -140 772 751 -36 192 -841 -371 138 -450 170 283 -738 426 -409 311 -132 -481 739 722 -275 -2 -583 590 414 971 -61 87 488 135 -188 -999 -585 294 343 -786 961 257 -147 -977 -569 -329 -614 -296 986 275 -276 -309 -740 -182 -192 464 581 -613 -431 -443 16 847 31 -968 898 -266 573 776 247 -859
-866 916 839 67 -551 -670 -378 365 693 977 808 207 496 492 528 353 -245 614 -662 366 -646 517 -73 352 -434 -258 -521 436 -688 -823 -396 31 -151 317 546 -402 -745 -275 -618 -726 -706 70 -70 -793 -208 988 509 -385 -369 789 18 -190 840 -361 622 -560 664 -613 654 -784 -775 -497 -257 -241 -728 -939 296 825 153 548 143 885 636 452 -437 603 206 888 227 393 263 36 15 -985 -325 -802 -722 453 -32 255 836 610 -184 -850 -513 -918 -211 370 -406 616
-894 -435 -327 -12 -475 52 864 -540 -938 543 -772 60 288 471 -122 778 561 -255 221 562 -11 336 817 797 296 -476 936 932 856 -70 -958 -560 798 431 -219 280 -53 117 760 -926 791 -144 -548 183 477 -170 -183 -451 857 697 217 -666 257 352 920 472 -919 -285 195 -411 -596 -843 56 -194 828 -650 -998 -633 -806 -171 168 901 281 904 308 574 252 251 -245 897 289 -189 -618 34 -635 -713 -6 238 -778 351 -632 970 340 133 -158 258 369 842 173 103
851 634 755 -218 -244 974 124 528 -922 729 -99 -427 -853 -788 524 -642 -189 16 -441 937 271 -324 778 -674 830 -535 419 -589 502 -947 144 482 764 331 -447 -419 -532 -525 -811 621 349 559 -18 -342 -94 -842 268 -592 -368 863 995 -635 -682 -957 79 -303 869 -431 874 394 -832 232 -148 -66 997 -451 215 83 738 301 -95 -261 -835 810 720 214 695 -757 25 -296 -482 -771 893 -105 596 -926 -760 206 -610 -578 -6 614 -945 -923 -897 -645 -710 -941 -932 -944
684 743 -479 941 690 293 38 -785 89 715 57 -476 -963 -201 78 -898 -707 -655 -355 -287 -12 311 -937 226 -70 252 -714 -79 298 618 869 -563 146 208 -622 128 -700 -945 821 910 339 -837 956 480 -473 -893 -165 837 316 378 974 354 -382 -665 903 -984 42 -213 746 -348 -521 534 651 -184 -432 -269 -445 167 -786 -696 890 -331 -975 -928 -565 -252 437 -388 -728 285 748 -33 696 524 -411 -731 235 592 -347 141 -903 -350 -536 113 455 -779 -580 -770 116 -859
-150 837 592 -559 841 -546 676 984 80 -5 118 -796 -765 -407 784 -695 822 -431 -61 123 -820 902 -787 -353 212 -892 834 -519 -32 -649 -173 -421 924 -949 -505 -448 623 619 558 983 -191 339 597 -222 11 935 172 -930 -337 586 599 -985 -946 -75 419 -609 480 83 738 -590 852 423 687 751 99 446 490 -723 260 -108 -101 -588 606 431 640 649 554 190 471 -893 -793 43 621 745 241 -335 410 88 969 860 -426 688 -495 386 -406 671 106 776 -211 741
-23 956 -781 -551 -230 869 -977 -866 -75 908 -235 -652 -894 -383 -608 -54 -128 345 -272 493 491 -855 460 458 -251 114 -913 -284 246 740 -492 -888 -812 -259 400 70 57 -670 -434 818 56 470 -694 -256 189 111 396 290 51 -393 668 -667 -40 479 588 -640 -768 -533 309 82 -987 -37 -160 -805 816 611 915 141 465 586 367 781 -350 -946 -254 -297 -446 -709 -763 371 595 -453 208 -38 -798 555 -825 -705 -466 155 -684 -594 -995 646 917 704 -346 918 -247 -846
-322 131 -716 -448 96 -952 -510 351 549 447 -313 74 383 202 251 -832 654 781 -829 731 -774 -883 407 54 -888 -564 -348 -308 -602 -696 -7 -293 -598 -194 955 764 693 -514 332 -585 -144 724 217 944 646 -521 -51 661 -478 -338 114 -472 545 791 370 804 236 -223 796 -929 -255 745 -387 -119 -251 134 -390 394 -878 825 403 465 714 994 -852 644 26 283 -933 793 -122 -797 592 922 686 -900 -669 -358 -204 698 -647 -745 476 36 262 -66 179 -183 -109 -981
-719 -136 -616 632 -250 -262 978 -990 -239 629 -234 -88 31 -561 486 -494 -721 -21 -857 -580 326 -429 201 899 499 -338 82 -12 -490 -769 102 324 -470 -654 -779 344 -418 -42 337 -806 -528 -752 215 260 -323 -999 256 -255 99 -173 676 -354 128 803 -671 -4 -385 214 170 -220 821 -347 241 375 598 -665 -147 96 -925 -977 -72 981 -131 -690 682 -117 -927 -227 317 -437 -517 40 530 -756 422 -914 757 -948 867 352 942 775 334 -661 -426 593 994 -799 -710 216
103 -78 -175 893 -897 -492 218 384 -958 -511 -390 -226 -20 -57 -860 -3 -767 226 -666 977 -261 -375 -123 -700 276 -576 -25 14 -110 269 -965 694 -90 -238 447 -50 -164 -474 -540 972 21 -36 538 -604 -837 -988 -496 -595 -983 31 -544 -329 -824 -951 -353 -957 -971 498 911 555 661 -660 -853 -229 622 -332 -528 -275 149 994 -587 221 409 97 -67 -766 -541 -348 327 177 476 782 -344 653 767 704 -293 -328 -527 376 -104 883 -334 196 -586 137 -608 708 -726 929
-835 -976 35 -46 -115 -775 -601 -81 -903 -481 750 187 -19 232 -568 -358 410 49 63 787 946 -974 940 88 -552 -857 -54 295 767 -4 791 6 259 -342 279 555 -58 473 -176 -751 -669 403 -201 674 282 -716 568 753 -881 83 729 -349 -148 -500 910 589 -813 -508 -363 961 -259 -673 799 -228 937 -450 168 -493 764 283 -904 265 -382 -562 333 441 -16 994 -76 -163 639 673 -439 -499 -726 845 -215 -686 7 -694 727 825 370 -773 -959 864 -339 51 -829 449
-475 700 -792 -68 -688 -812 491 993 -521 -471 557 445 -945 382 613 552 -740 -399 574 -117 -4 -29 912 -169 -829 275 321 73 420 900 -180 116 -340 811 3 217 661 -889 154 757 -220 586 854 -691 442 33 2 -616 60 -342 898 -630 -470 -425 -88 -127 298 -431 816 -50 -334 826 -646 -283 822 -854 -232 -39 843 -503 637 164 -726 103 -273 -458 -517 -934 -862 -370 271 -84 -758 -883 -152 -891 195 -250 377 829 518 -118 -383 182 -976 859 505 408 -870 948
358 885 -844 225 596 -19 368 291 977 -82 -798 -58 -337 843 867 -983 -278 -17 907 -801 129 -644 -689 -948 -377 393 -351 -929 -463 673 -882 576 -513 -142 236 562 849 283 -726 -731 584 -891 966 -676 257 294 329 351 931 -73 -652 -352 -922 810 -988 -992 528 944 588 776 941 -259 -1 -768 21 -577 -89 -755 904 -391 443 -113 -500 -189 90 -210 -387 -830 100 -417 432 -37 633 -972 -6 -107 875 -572 375 -511 483 578 42 770 2 -290 852 517 190 -579
-524 -55 -217 -325 357 802 814 563 -995 -955 -978 677 -985 -947 683 101 226 295 -337 -817 -694 157 884 515 989 -113 -397 -699 -225 -216 356 -376 -441 -57 588 700 379 -426 -477 -828 288 212 -303 -300 -581 988 951 37 118 -580 -594 361 532 -316 -500 -406 -58 -803 -296 324 772 902 -685 387 686 -873 -429 -94 -384 366 594 -542 -633 543 -649 666 771 -190 -332 -63 786 65 848 -579 171 78 80 292 -401 122 315 -610 -38 423 -192 480 -951 768 95 228
-401 611 -744 -853 -251 628 184 -892 342 962 -502 -281 -990 257 -953 758 502 -816 -327 510 67 -710 710 98 -160 -563 -725 258 551 742 632 494 39 946 674 288 -828 625 -509 279 -988 -134 146 -120 857 910 -20 802 506 74 290 -228 -94 -956 127 33 -799 120 683 387 468 950 138 -452 -616 -210 8 855 987 -154 12 107 -589 512 -603 245 -869 -336 -955 -967 -551 -577 -957 726 562 -674 581 -236 -825 -372 132 772 195 -886 30 -700 -3 -512 503 190
-6 131 -289 -540 -361 211 -91 196 -785 455 787 -76 152 -338 -159 213 -120 159 865 -710 -911 -495 -872 611 796 -66 -154 -584 381 265 860 144 -419 -438 181 -410 153 940 731 227 459 -262 -683 -647 -315 458 -895 469 960 243 -300 -675 -676 -140 -129 -481 966 -87 -331 440 -548 -55 182 523 -769 -649 241 359 764 437 -819 -919 633 644 -335 -720 -464 -205 -840 -638 204 -58 -804 653 714 571 926 -870 -800 -688 -748 901 -975 652 -645 434 450 24 -841 679
603 -866 852 -544 -69 -962 -660 -933 -637 -562 473 865 64 601 -212 38 -281 -494 495 -431 -920 -21 697 805 -27 446 409 917 69 -507 -412 -757 426 368 961 702 -877 880 742 197 675 -468 -524 225 -807 282 628 94 -54 429 540 -584 -984 -776 -362 -729 822 -441 -279 613 -698 861 -886 264 -396 937 -938 578 718 261 -746 -599 -912 210 -3 627 -306 871 -675 66 9 643 -721 -423 -84 635 -1 339 182 410 -347 -426 -243 -995 -133 -935 770 188 -336 -738
-312 488 194 753 189 -577 -473 -280 -722 932 480 281 -964 -984 -370 411 237 375 -191 300 159 -781 393 -735 126 -279 959 461 -695 -971 -301 835 730 973 -644 -147 90 555 -779 -696 444 858 -590 -583 -505 486 65 -342 401 -110 -691 15 304 -805 -142 613 -217 -267 -85 -80 -546 -740 -186 225 485 -416 274 785 -947 -558 -908 523 -63 -314 89 921 67 21 -618 -208 167 834 877 -707 -412 619 260 -502 -367 229 -145 887 -745 -701 905 -790 -218 -593 -690 -422
144 990 -513 -931 983 289 127 -382 178 473 -525 -907 -196 -826 -539 -138 -111 -976 404 -208 -712 -464 -165 -861 605 578 -715 -421 -988 853 -449 22 -805 -993 -255 -610 -154 760 -113 -215 -77 -740 -320 -550 434 707 -78 -534 39 -581 767 161 536 -824 372 -73 629 86 574 946 -933 -701 -794 719 -807 938 -524 -176 -139 -46 394 689 267 176 81 -426 -566 538 -169 251 -530 -989 -914 -776 -586 778 -756 -819 -69 31 -598 -721 180 814 -777 383 -821 380 -204 -231
-265 -972 790 -30 -756 487 293 596 -922 -455 349 944 -926 263 274 894 -686 -64 -315 771 -880 513 -35 -333 688 224 -152 741 -943 256 -743 -264 -997 -834 486 -481 -176 -50 546 -80 803 634 -502 -421 -738 -471 -439 407 -516 907 940 -191 29 62 -820 730 504 -101 365 591 831 -306 -925 44 689 -710 276 -135 308 -238 -712 -285 237 992 -750 374 446 623 739 -381 846 -895 874 -938 -767 -687 -627 -220 -122 -93 -717 -139 -267 -737 129 -120 247 -314 -891 -344
-164 696 -163 361 941 747 560 552 -230 -590 -365 -235 -654 -881 -348 -297 798 599 -748 94 274 -997 -599 169 -324 195 -249 -790 -581 775 -714 493 -270 899 415 -390 -550 950 -28 420 736 -95 -298 -657 431 879 -644 -871 751 272 813 471 723 768 -457 -113 -868 117 189 636 548 894 96 -573 734 253 627 442 607 525 -162 -726 542 77 322 -287 -718 -99 947 386 -3 -672 -188 855 -480 -935 914 -90 695 -88 -951 -649 993 532 -397 -766 -716 -609 223 908
-765 631 527 676 -929 261 924 -346 416 252 -269 -797 855 286 694 -339 -383 670 872 -118 948 807 179 -281 -179 -308 -32 -622 -819 -743 725 70 -305 320 746 -148 -33 -865 -697 -25 -326 346 477 -822 659 -259 -905 180 -405 788 567 -663 641 140 319 -64 -508 -75 881 -509 817 425 -43 225 473 88 -866 -689 933 369 -82 22 574 217 69 -801 609 353 765 376 701 970 978 986 -185 -602 442 360 -12 953 -58 583 344 -956 -110 36 -510 -823 744 845
-589 -501 85 868 -621 -704 -705 760 -907 -436 893 615 -159 536 726 22 104 -692 485 -427 541 907 -438 -114 -622 261 -683 -429 -937 -500 -179 974 865 -882 839 -477 -313 723 -461 29 359 -848 -758 737 658 -661 329 259 -160 -258 -866 103 631 281 -678 580 466 7 -469 -184 -801 358 -88 413 -933 -406 -566 -779 122 -257 -985 511 350 -433 977 623 -806 -963 -771 256 -482 -509 602 362 -660 439 -399 667 -282 797 -177 719 -885 -804 -710 603 312 689 61 -435
139 315 -598 423 609 633 130 -974 -471 472 -240 957 256 51 -975 -373 -329 -36 -276 -198 550 -182 -856 -144 596 -241 330 -35 -358 -972 -884 -332 507 -674 -153 776 -565 -694 -316 -419 717 -639 -269 995 -803 908 -275 86 126 449 365 644 759 -646 -220 -762 224 -747 186 -566 -87 -151 530 108 -891 -536 -127 -272 -815 737 914 -142 -708 -758 -129 396 -520 399 -829 614 794 199 -846 182 956 572 50 388 -506 -445 261 -264 -686 310 -401 476 923 574 286 -765
479 -879 26 -48 -771 490 -667 438 -74 568 -8 -350 767 -567 604 716 300 718 483 -165 -637 -770 721 -463 -782 -739 520 734 -526 162 -261 -166 -837 -753 -649 877 27 -27 77 -386 792 127 -661 -272 -52 850 -603 858 -78 905 -724 449 106 -845 -226 -830 550 -623 803 740 334 -462 -103 -302 -457 333 132 50 -230 962 -68 -980 225 359 191 996 -280 -409 -484 -50 -452 133 -800 -896 -993 -976 323 198 -901 -905 -458 -60 5 -367 -632 461 306 904 512 535
-369 431 381 392 163 703 460 926 890 196 -870 712 -422 -609 495 756 -723 -626 540 -96 -938 927 -339 -568 706 843 92 636 749 116 16 725 811 481 184 260 33 628 -279 -696 48 606 -231 27 -718 237 -500 -585 732 -798 -174 773 -785 452 533 -285 -593 286 4 601 -730 -72 -878 363 -679 894 -507 -129 -617 185 537 440 -83 289 974 -851 -318 465 -596 786 -388 984 -281 -444 -623 -66 -81 482 385 157 842 -549 -220 -309 792 981 667 -186 -317 551
-603 199 -157 -523 295 -297 77 640 650 -599 -320 116 329 -750 -950 704 566 -392 757 453 -123 -476 -444 -296 -763 -45 -89 -378 -224 -708 143 54 -38 -585 500 846 -879 -669 176 -485 -42 -545 16 300 -382 -308 120 529 770 -790 -84 515 -851 565 428 732 664 722 173 -263 -430 399 -403 919 79 -701 -850 -892 -131 -318 228 212 -104 606 696 327 -984 681 -223 359 -853 618 129 -175 733 -765 -825 172 -741 -688 291 -86 581 -921 -331 -200 -992 -302 983 -495
-84 -53 -369 396 901 644 377 331 -342 -628 -533 775 564 705 597 740 415 -358 991 -111 -192 508 -931 -641 256 -355 -300 -333 567 -491 541 55 18 -900 -26 133 196 481 869 257 -27 -537 -564 446 -293 484 844 -705 -682 -659 -186 498 290 807 732 262 762 -120 89 -225 715 258 733 310 119 -470 455 113 797 289 774 -1000 995 322 -728 988 127 -984 583 690 -327 -942 -379 -88 975 -463 -731 -175 -411 570 308 386 -100 -351 -572 540 486 906 -795 569
-648 -928 -481 260 -740 -112 676 180 987 781 129 250 -273 986 916 -430 227 -943 920 -755 94 810 684 -187 97 -359 420 -455 322 923 -275 578 -13 623 56 971 -255 -773 152 402 -778 721 -479 -205 41 -247 -229 -302 329 181 -705 -331 163 -480 820 -446 -453 -284 981 -545 341 -923 357 301 -638 792 391 -719 890 -449 48 -685 706 -682 -410 326 -550 728 -688 -58 970 -763 168 -387 656 150 917 32 -5 -49 -347 -6 -655 461 730 -627 -2 -911 -581 315
-461 -600 527 -804 916 -917 810 752 879 -497 897 -22 77 493 -276 451 -351 -183 -97 967 138 -929 -603 -990 -77 572 -514 624 551 863 671 608 216 -278 -596 131 628 -904 555 604 -720 -226 982 -634 948 -332 -403 -886 280 -976 975 -248 -781 -253 -974 -965 999 -223 -997 -322 -369 882 -820 -855 229 -69 -56 -942 -471 -667 -328 -793 707 -437 -946 579 -584 308 749 361 330 -627 -845 804 -42 -882 -492 432 782 -635 230 128 -45 -29 -821 249 937 -589 322 -684
521 -297 871 736 -892 969 -515 -85 -20 -715 -158 -742 -850 -49 95 -801 605 984 63 -74 617 -159 355 300 -501 -520 344 -83 328 -798 -693 -293 -267 396 -578 275 955 304 -462 309 -39 -75 504 -712 -95 -984 277 -896 869 -442 701 -204 446 745 -917 746 -871 -10 283 -103 386 -265 -142 -78 357 -574 -898 845 311 641 -411 -167 -881 -52 -627 -849 -718 -100 -370 113 -656 775 -631 -424 -97 356 917 128 -999 -509 987 -686 438 -53 228 -986 -395 -81 381 -623
227 -458 812 -173 -600 -137 281 -269 -246 -971 477 -861 -47 -441 -244 -612 390 -27 276 -58 -168 -693 -584 -293 -902 749 -488 767 403 -587 -120 -869 -231 -992 383 280 309 183 -723 123 -704 -714 -512 356 313 124 -526 -3 -479 581 -361 850 295 -482 367 799 -586 83 738 177 -288 -166 -952 -741 540 -272 464 934 720 -235 407 -432 640 -775 196 240 -313 889 835 323 -920 -98 -366 -74 837 602 -694 145 -854 -738 -320 -912 -277 -858 -297 378 -262 974 -82 547
473 109 363 -505 -471 -581 801 -196 684 664 95 -528 -230 686 -965 157 257 -747 765 60 81 -837 -812 134 -741 -706 -39 508 -653 751 -211 72 937 814 -31 -813 189 -131 -652 -516 940 -454 458 537 -980 504 -831 -905 -184 -53 -847 776 372 -622 305 894 561 928 172 -940 360 462 85 688 913 139 -762 -176 -263 -12 345 491 -911 -387 911 725 -923 -427 -985 -616 -654 -617 -322 334 -64 732 793 -217 683 513 990 733 493 177 503 -819 -642 -410 -180 -499
-298 -617 -696 -271 828 100 77 69 554 -103 -461 684 -983 -123 613 -799 0 967 40 -181 881 -252 -923 900 -257 -240 -745 -864 468 -23 -340 -61 -539 -612 -41 886 -134 47 523 942 820 -688 -256 -283 -773 895 -730 -944 460 -716 135 12 -943 935 -7 -845 522 -409 760 -564 268 311 107 -706 804 777 -926 22 906 920 -676 -497 -331 -583 231 -37 -624 237 -470 -390 -17 -549 -823 -546 -46 -525 769 753 891 252 -57 64 176 917 390 -107 993 696 212 -630
860 274 -781 -900 -115 876 921 -434 -286 834 -645 607 -511 656 -357 -669 490 115 565 524 -17 -130 35 -355 139 -61 1 910 320 -177 -716 250 -731 839 16 -651 -721 -898 -830 776 66 -811 49 212 -444 441 511 679 -282 -585 -658 -294 98 -842 922 -14 852 -724 817 87 569 -910 -744 -375 -170 222 55 589 306 19 -913 978 602 -581 376 -459 -77 -757 502 -10 -696 240 -982 -382 -526 177 325 421 207 -338 725 907 298 -199 -495 597 -138 -926 -20 140
574 487 905 570 488 -386 -639 -46 549 200 -285 333 154 718 -4 -70 482 -491 839 10 933 288 -791 -148 730 412 -694 -795 561 24 186 520 819 -457 -402 110 672 -921 -177 581 -787 -451 -602 569 102 -118 994 -609 -532 -622 150 901 -269 -114 416 703 448 -620 -214 -322 -827 768 -577 975 453 218 95 -108 719 -168 963 -408 -751 -315 29 334 299 -659 799 274 607 -883 -893 297 312 -830 -166 781 -524 -464 401 -196 818 26 -914 -405 -779 -273 -348 -429
-279 99 -507 635 578 158 -878 814 433 -125 -717 271 -786 557 -817 222 50 303 -797 416 -416 269 31 572 -950 7 535 994 646 -234 -894 264 200 906 -82 473 -126 -131 -613 -331 696 -713 -655 -651 -872 11 411 51 -782 -228 386 159 559 39 464 -659 -341 135 -334 -563 658 611 93 383 182 -471 276 -306 914 -605 893 478 -793 462 787 -339 -92 -229 305 -983 32 -634 -444 -469 -631 -902 -310 -171 -606 513 -980 -467 -724 580 296 -175 -439 339 427 577
868 619 861 -632 930 741 603 872 -498 857 -931 -507 253 -261 57 -452 579 -389 348 -347 -381 -51 -492 -681 -850 130 22 -793 287 661 -312 690 -538 148 -586 404 352 -28 106 -973 621 -25 483 -967 -98 597 695 -972 554 947 994 383 567 490 -509 297 -289 -467 -491 -224 -45 303 851 215 -54 -31 -332 589 -386 -879 905 601 -625 617 -39 52 736 236 657 553 -201 -41 -635 -397 -301 -784 325 809 477 116 237 -668 270 449 373 792 -252 -469 960 486
816 -223 -291 764 738 -859 205 122 952 -331 447 -203 -98 -453 -194 295 -564 355 -863 152 450 817 -114 -121 485 -304 -722 349 741 -982 -459 384 -250 -26 -95 940 -132 264 523 5 386 -418 -123 -876 531 -460 86 -818 620 -784 -173 830 344 -741 -394 267 -204 497 -91 663 -793 745 804 -339 470 584 -557 -463 827 -335 -603 43 368 551 675 -943 897 -5 417 -325 521 296 -193 -528 -862 279 -561 868 -913 350 701 514 -901 637 114 -881 781 453 959 -782
-422 777 781 422 638 -680 -314 -27 -190 770 -363 -836 93 -811 607 684 320 560 937 -300 270 -631 908 978 715 589 913 -468 -663 591 34 409 -476 -211 451 -696 -665 309 800 -456 -7 869 -33 628 572 -435 558 387 -544 565 -401 687 -486 923 336 -834 -507 9 -376 550 732 -566 773 -459 408 767 850 453 891 868 -187 -101 103 369 -262 -585 -199 953 -515 410 -596 949 598 -454 -45 795 723 249 541 506 -135 -691 573 -659 834 517 -189 958 491 -428
282 -194 -287 71 -924 591 597 343 823 -302 558 -241 -396 -567 -953 -272 184 -744 185 -478 -780 -532 733 365 223 -682 489 509 422 962 -469 390 -383 138 -36 -775 883 -507 -13 -54 15 271 -246 -985 -418 -200 295 -811 174 638 563 754 -436 -130 -553 -63 -456 62 514 845 555 482 -441 -420 765 644 643 217 833 101 -313 993 -585 -308 -16 -654 -22 -593 -100 332 4 880 -555 25 -580 -889 505 -250 10 -192 -515 97 -476 -895 -764 -858 -998 -126 381 -547
-157 -714 -955 -304 823 -949 454 745 304 -638 914 495 695 -729 -698 856 -552 983 -508 -118 341 -160 875 758 386 750 531 -258 358 709 521 252 -927 -607 -441 -719 807 90 561 -525 118 -265 -904 609 77 33 -824 620 -296 319 -762 -725 -969 -251 -234 693 -614 -189 -772 -221 757 -510 151 31 268 316 625 -243 -277 491 -438 -263 -684 -857 -564 639 752 76 992 -588 713 -741 -691 -756 -863 -400 900 -415 611 -838 -831 -693 139 978 103 83 365 -713 798 -527
-294 -946 -108 279 -816 -914 -159 -94 206 -77 179 -466 177 -993 396 -512 881 -274 833 652 -609 -585 -662 883 250 789 659 48 618 242 -136 800 11 414 -124 603 -135 386 822 -690 -97 -87 -713 -363 225 943 -232 993 -462 -384 -310 156 -83 -599 -170 -227 -33 732 -561 -32 -152 -30 -213 233 -661 303 -580 -864 -647 -980 681 -785 460 -27 124 -313 -544 667 -924 -700 -253 -985 365 687 -468 445 781 -852 277 807 539 -228 -802 657 -370 599 426 578 392 481
-424 -825 -453 -172 97 -618 -725 -831 581 -496 -21 647 -522 -13 -119 -197 -918 -69 -18 600 304 -913 486 906 -350 -225 453 -761 216 489 55 328 -347 939 290 734 720 302 988 697 785 451 -538 722 -279 -494 -472 295 -252 -533 -846 572 -869 -74 -693 -773 40 -419 891 8 964 741 -1000 -250 755 475 461 907 220 954 38 390 -594 121 88 634 716 997 968 -641 -742 199 341 -975 479 235 223 -689 348 206 -826 357 258 24 593 -355 977 -550 745 25
-868 -233 27 -357 538 -744 -358 431 -670 884 766 17 -598 -707 -838 343 934 285 987 -244 -99 341 -211 -869 451 -601 140 -305 122 834 -849 -413 -262 828 -900 -395 700 -555 283 -952 798 104 -121 498 812 -64 181 -916 -189 -843 -931 401 -915 531 -954 -610 380 118 566 769 -726 52 -964 -199 580 473 -720 398 264 -155 -663 -234 695 370 -576 903 367 992 278 98 470 301 -858 517 -388 201 173 265 -239 66 969 307 -853 628 -532 -425 971 -384 860 252
906 -138 -677 136 -102 -568 -632 -802 -494 -817 978 -847 501 -514 -8 -24 736 -470 -762 701 -121 -243 -796 32 -727 753 673 702 -291 -456 -629 718 324 -523 738 405 365 67 60 -162 -274 782 -51 83 -87 -234 -347 -441 274 690 905 -858 -75 173 592 -607 -150 468 298 -855 299 807 -672 -33 -787 -156 779 638 356 663 -239 580 -881 313 615 304 235 -68 -586 521 -846 -658 603 177 -396 -423 -329 -768 -72 -331 817 -127 -986 169 268 -785 689 97 -579 775
682 -537 -764 636 -4 969 -877 882 -523 191 -100 -365 517 24 248 -484 535 -716 554 -383 -556 -805 -664 -790 -563 -404 666 715 61 583 660 -459 -520 -373 359 816 -759 -683 -428 -60 -618 -251 -432 -45 -194 745 -133 -543 -622 -521 -778 -102 487 807 -89 312 904 55 868 -278 303 -279 354 271 725 -87 863 206 -36 -473 908 -216 526 20 -677 -443 -410 -381 -257 576 -729 -217 929 260 -898 840 -553 -418 -565 -417 604 266 -48 663 -7 -172 -845 -272 -641 774
225 -892 861 -27 -494 -679 566 851 325 385 229 20 766 -844 187 -577 -852 -689 13 867 913 -362 -371 -927 236 8 -724 -355 576 526 -901 -188 -627 -559 737 -567 -263 546 -360 349 242 248 -253 118 479 434 -333 -230 -349 294 -383 -468 802 -50 -166 -59 -574 201 -254 902 -949 -311 -477 -838 -211 -104 -276 157 -314 -575 701 362 -340 146 805 723 529 -812 31 606 -666 249 26 691 -513 -621 568 -759 443 939 -582 -112 297 713 -482 267 710 -976 886 942
-619 386 -737 488 -399 638 -925 -372 32 -995 -509 -893 979 711 -668 -67 561 -166 -183 903 416 565 539 6 977 -886 -588 -559 -687 -643 -873 490 378 447 556 338 -848 24 -95 -649 942 666 944 990 450 -738 -427 -178 927 670 683 676 370 778 626 -62 254 -17 -716 382 467 734 550 -585 -385 127 242 -520 -979 -345 -376 120 223 259 769 440 187 -615 597 78 -165 281 116 567 -244 -971 194 -177 -490 -535 687 852 -206 312 -339 911 -770 -6 377 924
25 -495 343 767 134 199 -74 661 550 667 209 826 713 830 333 911 453 -986 877 -588 504 797 171 809 883 -974 906 445 417 -205 -232 -990 -590 90 468 125 38 -10 120 925 -378 684 -44 -608 949 -105 -619 -305 -761 -918 526 -528 -542 -803 -924 564 617 -7 677 -662 -126 -757 -84 -194 885 -815 944 692 522 952 6 58 646 -58 400 -346 -505 487 156 -571 213 582 68 948 -897 348 -984 161 142 609 493 -857 -840 956 -614 -233 -914 775 784 312
-310 522 -628 -950 -511 232 -469 -777 -680 -25 -347 440 -973 -413 868 851 411 102 122 -443 -124 862 -338 -436 -239 474 -779 160 716 -304 759 397 91 276 715 -35 906 -479 810 -901 -425 480 650 -496 -689 536 7 -939 -912 -516 786 -368 -786 -453 -620 836 -51 304 -43 -113 -156 -534 -952 -342 83 -3 860 733 -510 931 -208 46 137 -927 -87 -202 165 -274 -264 187 271 -915 -293 -445 -694 -668 490 24 167 -345 -814 790 -586 548 -980 219 510 -253 -412 337
495 331 -812 240 361 -419 -226 -335 -136 748 -94 -694 8 575 17 -802 559 -833 -741 -876 582 -523 -949 -99 -866 969 -774 -815 469 -104 318 -254 517 -707 -451 62 523 -711 -464 -483 4 -219 -867 688 133 -215 171 777 179 -563 -390 405 -210 389 902 921 -138 873 440 399 161 -108 -922 960 676 -31 624 750 332 415 -602 -310 -603 930 519 -490 -382 -721 919 -498 -532 -98 -873 692 176 722 -353 -810 759 753 -383 91 885 697 353 35 -848 -68 584 -653
-16 -440 222 -224 581 -209 897 623 271 254 -897 902 860 -621 339 -302 -167 630 692 -245 277 896 521 -436 832 827 274 -255 106 -114 233 118 201 985 418 937 -306 4 -161 -273 -244 545 -70 -729 -60 -212 267 714 -420 520 810 -247 -272 236 -228 79 -291 909 419 -558 216 549 574 602 54 368 -958 -611 -196 646 -129 248 361 436 686 -955 382 -23 -373 -379 778 317 -234 -724 414 -813 -842 -205 849 -66 -424 702 611 406 211 504 555 514 292 -561
-729 -51 634 637 -243 -847 312 -545 238 244 178 -236 -567 139 857 -449 -905 -141 329 756 876 -273 -370 -52 890 234 115 246 28 850 -256 -292 798 842 853 -477 938 -375 826 -346 -264 -919 -336 -902 111 376 -354 829 659 382 -384 567 742 146 974 -977 -448 -238 294 -305 47 -479 838 8 -857 839 -425 -330 -2 145 367 -327 -505 341 -978 209 966 110 612 -277 -500 177 427 -698 -497 -409 903 -481 125 -988 -129 -1 56 -221 -763 429 -494 -200 -889 385
637 389 -661 920 430 -832 -144 956 -342 802 -753 -26 -955 -222 -729 -28 593 276 -255 966 513 -43 -931 -354 464 -562 -228 -926 836 -953 229 314 688 -55 420 -362 -854 -449 717 -74 642 732 -122 519 870 -728 283 839 -897 -361 148 -669 -42 -33 248 -573 594 27 -391 -857 64 -637 -242 -917 -415 239 178 -707 468 780 -137 552 838 89 218 -153 -671 254 119 423 612 722 -481 -975 -659 81 -218 566 278 -823 279 508 -920 538 124 344 -556 801 995 -68
-513 714 -376 -562 -818 535 14 -93 -359 -90 37 660 -100 433 -194 155 764 266 -338 -995 244 283 -619 994 182 -994 59 -8 -247 -326 -771 929 862 -537 515 -549 299 388 585 -131 -784 -701 214 -319 -367 -652 -739 243 -552 939 947 -382 909 550 -366 -627 -351 -960 830 -958 12 103 68 -631 -729 -820 -293 325 -136 546 97 -661 -968 -650 478 -706 797 983 -669 739 -799 -618 437 -716 126 -358 196 634 -713 624 461 151 547 630 -80 825 334 -959 -312 351
582 74 -559 353 -581 -157 -220 -807 251 -323 -837 203 -600 -862 -668 -931 -248 -441 109 469 -924 -46 -16 995 -528 975 -782 396 436 206 -399 761 819 943 -90 951 335 27 -197 344 460 -32 -101 -43 346 241 108 -540 -292 664 -753 -861 -868 -546 687 945 -387 -153 -691 -987 663 966 592 -930 288 523 202 628 -944 -746 1 682 -608 -337 140 655 54 434 210 -883 -194 166 147 741 473 -163 -82 556 101 529 -421 766 -964 -988 -132 -429 -884 191 397 -189
387 -988 -32 -876 -926 -403 -123 885 194 200 603 -576 -221 -254 732 790 -966 85 -159 -124 602 288 -179 -143 253 120 460 -859 69 683 152 -499 -459 523 -954 -333 -767 832 82 251 649 -249 124 445 685 -877 310 -308 -185 -25 -745 -458 -563 823 -538 -758 -402 745 -600 888 -588 671 -528 -506 143 707 -303 470 235 607 -20 -371 -855 755 -897 204 490 941 -189 -5 154 -75 110 -923 -890 323 982 -526 378 529 -572 138 347 -235 -111 -648 -856 408 574 674
-679 511 246 -496 971 272 -272 -589 562 335 -761 872 239 965 -663 -632 210 -67 -68 222 -216 603 -199 -768 -426 -481 -784 256 -540 -253 820 -885 860 581 158 -132 414 75 37 -405 -202 681 952 18 -514 893 -440 14 -64 748 129 -82 676 -223 -783 552 443 -763 749 348 192 -157 656 152 990 245 131 394 162 -494 677 -781 -595 274 -231 728 269 -245 -527 -914 -207 602 597 918 622 -475 341 282 -772 473 -448 568 -891 -962 -782 -447 107 -970 -43 -684
618 784 -858 -23 -173 635 -55 514 266 -914 -451 -977 834 185 -911 175 -815 987 204 -444 562 -939 132 502 -918 -241 173 -934 869 -212 -499 -869 89 -870 -596 -510 477 -893 25 -98 637 -654 474 294 -543 282 602 174 81 29 -4 -280 -461 991 -109 -512 -219 642 347 -180 -401 -102 -272 137 935 -225 880 -708 -723 -274 -399 382 -952 -697 884 387 -656 -730 -626 -823 -256 655 -658 -495 411 931 556 -570 806 429 -103 546 -759 -63 -270 -29 760 -352 46 973
105 -279 -519 702 688 -251 -981 355 315 -500 700 990 397 528 -958 -388 -926 -83 179 -954 -760 -95 675 -739 -748 -863 337 -329 472 -234 133 -380 325 707 520 -544 321 -630 440 66 -103 -771 -149 118 598 -168 -749 946 -756 130 -865 998 -330 -487 266 362 -186 76 532 -884 -47 180 365 97 454 689 -606 188 -691 -713 918 -133 987 -831 744 942 649 869 -449 364 288 837 985 -678 259 -494 -322 -650 -761 227 -475 7 656 -520 -987 -915 347 -115 545 766
-581 467 300 -793 -645 -382 111 -311 743 355 765 -617 -275 527 537 6 -596 -923 -730 -155 -562 905 276 103 206 841 672 -760 -169 870 -688 70 541 530 -310 -912 316 -680 477 795 -852 677 -452 449 -348 842 -226 -841 989 196 -182 268 50 -650 4 -300 727 -304 -772 -49 674 -616 -207 460 833 697 -544 -351 495 -655 228 145 816 -264 507 130 849 -731 593 759 817 435 354 -648 531 -19 599 65 -284 568 205 177 -480 -937 -839 -546 746 299 -485 200
401 -483 -253 -631 -487 18 -784 978 -640 986 835 -358 847 8 211 14 993 659 122 818 958 -832 952 -302 334 721 -7 251 -225 125 -544 810 144 358 -439 -83 303 -400 -943 382 264 -915 198 101 221 -255 284 -152 -996 240 -765 893 830 -326 460 -124 593 37 -946 -65 -671 -373 271 488 346 -420 -724 -10 407 486 766 -751 -6 -928 130 -811 -456 -575 -46 -569 909 183 801 567 -188 864 -123 640 534 997 -462 252 -332 147 934 -181 165 -668 -749 -797
-234 550 -222 97 -28 136 -312 191 244 636 132 458 -689 602 -656 -194 980 461 166 -177 127 -923 851 159 -287 888 77 -484 -766 -169 762 -182 -171 -702 269 839 722 -858 -862 75 742 -415 278 246 -444 767 236 969 -795 -934 189 -425 372 -875 202 -800 -817 -687 233 896 -739 -202 501 -79 850 -727 279 926 -236 -605 -659 828 691 -721 798 725 354 574 -618 968 -61 -8 -286 721 998 390 13 -454 -351 792 825 -518 -153 -882 781 -887 -606 135 -970 378
-398 576 873 432 238 73 354 -712 434 -650 -73 -558 -592 900 431 955 268 506 -916 -983 -883 -321 -956 -695 886 -703 -89 -987 204 -881 -51 -623 783 -472 891 -893 34 -107 570 969 -428 718 120 676 304 -664 -596 -516 -627 -529 553 -448 -618 874 168 461 229 -191 -839 809 -709 974 767 -350 745 -732 -740 -227 828 352 -141 -827 66 852 43 -1000 -868 960 979 -925 -688 -805 987 -826 885 -494 466 -42 734 -796 549 -860 474 595 198 -317 -122 206 822 245
-532 864 750 -850 554 -499 -697 55 369 -323 -651 -749 345 764 439 904 91 -808 165 -964 326 826 -893 998 -557 667 -539 -408 983 -105 494 -816 -291 430 231 365 -837 -773 911 212 281 -752 489 938 -689 -560 -830 341 243 -491 49 305 467 581 -632 -870 -831 353 -472 -340 -710 -166 312 4 367 -236 895 -459 811 -473 -551 -137 840 405 934 -743 483 645 901 -645 441 -881 -536 -90 -448 -944 -328 -995 834 35 -196 -584 280 -593 773 -486 -717 775 961 -945
525 112 179 -350 -12 -65 -57 526 -953 -494 685 890 -868 -931 -77 -27 774 519 629 -106 721 883 254 295 -814 603 -211 568 240 497 494 244 61 -79 -352 -271 -431 -183 870 -205 453 -215 -797 618 -369 242 -628 391 281 -608 -788 -767 -583 -498 -548 398 527 268 -674 -806 819 303 -707 -464 283 998 -191 715 189 -629 -979 206 925 610 -360 -1000 291 -405 565 -524 250 -675 -116 70 696 880 43 307 -142 -508 -246 -39 -823 308 302 -67 -45 500 -886 -401
-248 -971 -239 -52 862 716 -79 205 -737 -443 231 -810 762 63 -889 -506 650 7 0 617 -263 -485 846 673 755 101 -250 -778 -990 -804 698 259 -203 162 -635 328 -943 -56 798 -376 -460 547 -379 -574 -980 341 -526 529 -258 -979 -916 80 -725 6 -991 -764 -989 -606 -225 809 767 -318 306 729 272 496 603 319 395 664 -149 -372 561 908 -256 -811 474 408 255 226 -859 -557 388 135 -262 -23 921 -957 552 737 -58 -904 -179 -798 471 836 390 -14 -955 321
602 -24 916 597 311 -339 275 -186 788 -348 838 738 -133 -952 -769 -154 661 -36 -92 -914 -126 526 -680 -244 -236 893 -152 714 -797 -321 897 813 441 609 -788 411 -426 921 -424 232 -22 -366 -129 577 -323 -542 -336 -342 -220 -373 862 -765 188 -231 618 64 4 650 -232 -646 -659 -180 -18 -37 926 -798 23 76 425 745 -885 873 -107 48 339 82 -177 -578 124 -407 514 -63 -982 -209 -472 683 -555 286 984 734 56 -32 147 860 -372 -308 -427 25 858 831
-541 682 315 -877 586 -943 -617 696 -382 393 -224 583 409 974 -922 -704 616 271 58 171 138 -586 -866 -82 -134 822 -556 543 -782 -926 853 -437 -995 208 -24 438 -182 805 -213 -184 -766 496 -825 -764 185 -615 309 946 -797 -486 506 854 -591 656 -859 -138 0 -994 29 -732 -347 -304 608 -220 -493 770 -163 1 333 -14 -375 -878 887 -525 674 390 332 762 748 172 45 877 -880 -205 -733 622 520 816 -523 -963 -628 714 -803 -485 -892 833 569 -777 -623 954
32 -498 309 671 968 -489 454 293 298 -754 -391 428 -626 -231 602 -118 -341 364 -443 -508 -507 -671 -377 -962 -472 -745 768 257 -351 544 -884 270 815 -565 -294 480 -796 183 -710 -415 -976 -349 -358 -129 581 170 643 -813 -216 54 584 -858 69 -920 12 875 745 156 -55 27 911 252 700 -553 -709 960 493 -112 -336 -923 -906 -525 -536 -394 -954 427 -946 4 -543 -322 -461 -618 -161 -154 -134 403 659 750 -72 20 490 102 -311 303 -477 520 -722 -549 11 952
-250 361 606 993 906 -693 -435 48 -974 631 -623 -134 657 -357 -995 -614 -701 -433 -819 -365 773 -22 928 335 670 615 52 489 342 -382 -692 -702 688 -489 461 -739 915 341 110 -84 500 -426 294 823 983 125 761 262 -651 784 720 81 24 655 -989 380 438 689 -127 632 -695 671 94 365 -613 235 -998 -202 374 61 -6 867 679 -641 -932 462 -55 -994 -669 -310 102 922 -168 -940 -485 512 660 137 -921 883 542 -1000 264 -961 296 162 -476 -541 808 22
449 -135 765 352 -344 357 975 984 -72 531 396 414 604 -936 -636 825 188 -468 904 268 -39 28 -905 -674 516 -632 -573 133 701 384 71 -210 542 -492 -607 860 -594 -681 -175 -134 686 458 -641 -443 -270 70 -691 -708 225 -215 945 810 379 -318 405 827 -90 -917 -204 -117 -287 841 683 -25 34 -360 750 -633 -670 -167 643 476 10 -609 -480 -195 -953 -184 -839 605 -813 889 689 956 -592 332 -232 -421 -16 808 181 154 798 -773 -665 519 -355 -506 -692 -342
128 640 200 -329 -432 537 -913 559 523 715 -375 -218 804 -476 -178 156 -717 887 -949 -470 -919 -611 14 -631 -136 -291 -868 -991 368 942 663 -624 -635 -973 806 -775 106 437 512 -526 800 -844 -592 -892 436 611 -942 271 -825 -512 36 574 728 41 -823 872 -154 673 526 460 -565 -27 -372 26 838 -596 870 -802 573 -536 348 938 305 247 -870 -540 632 -217 465 -532 493 -313 326 -266 -165 -82 -510 -663 -176 -689 568 881 -827 960 -566 206 -92 139 648 -692
178 -891 739 899 714 992 462 -36 -6 -280 76 991 513 968 -512 811 889 -85 399 133 264 676 -997 57 -325 143 -564 -385 -189 52 684 824 -567 -962 376 -923 877 520 826 -15 270 -363 570 374 798 -70 654 -999 -418 -611 700 -187 1 -800 330 -423 516 -900 -583 -49 225 188 -215 510 -730 296 388 -395 -211 42 -358 210 -679 -870 -712 -602 704 -928 -444 39 -480 -581 -939 -361 -514 -594 -270 -927 -825 -3 -949 558 909 -434 -981 897 617 -411 -32 175
950 416 756 62 -334 14 913 -801 355 245 -351 694 217 -239 493 210 470 264 759 -403 716 186 -43 -431 -606 -123 761 1 867 521 -401 833 -899 -742 83 -730 998 243 -80 -657 -416 95 -740 589 -167 37 -384 256 -614 625 -451 803 621 60 637 -237 -902 427 -992 721 -783 329 -13 -652 -14 -628 25 -672 573 857 39 -442 -585 170 545 -459 -573 312 571 -339 -84 456 -430 -888 -513 -761 629 488 401 -966 -856 858 937 -945 387 878 624 -866 -812 324
356 858 -312 650 623 -505 862 712 -776 65 487 277 941 641 827 -849 672 -606 708 -732 259 479 726 -1 957 517 127 -323 214 -941 -273 -580 733 272 -449 949 570 -227 -61 514 463 -212 -904 -141 878 113 -139 -445 -264 -219 859 -96 873 -179 -601 981 28 -733 261 -699 -532 -994 683 -788 -604 -625 542 -460 -37 568 676 -674 769 507 -996 -415 -233 -32 -165 78 -744 6 588 462 821 142 104 915 -508 -824 -99 -307 25 -810 -951 173 337 -795 -493 -519
108 800 -863 -734 -628 -569 707 455 -368 -543 -28 -897 -530 -996 37 -122 172 -274 -762 212 -460 -236 -997 963 -969 -403 721 -511 398 73 -493 810 844 -188 -638 110 -237 -833 494 195 570 -926 -837 -136 279 -559 -577 -963 900 -352 -781 778 -457 -179 467 100 -333 615 139 12 -621 649 -917 -888 714 -338 601 901 600 802 382 623 730 86 -583 85 -643 -212 340 -36 484 -290 -584 -685 -316 -706 -726 -683 -356 -645 16 -43 -578 980 -500 585 317 -804 -657 603
516 -648 598 -833 -406 -860 172 525 -481 -530 -960 -326 -740 -707 226 -861 826 -381 68 141 950 147 187 -968 -27 -933 -938 568 -8 308 -783 207 241 268 -673 822 -613 639 -642 832 872 907 -524 -462 -714 -89 -743 -713 -715 718 -125 277 656 463 -555 957 398 -200 23 468 707 -456 417 -25 698 471 573 632 39 -175 -924 -186 -658 809 -271 -980 345 -343 599 289 140 -367 73 54 -48 -92 -698 370 604 -749 933 34 -393 7 -240 945 -155 876 153 751
738 266 102 -435 -938 -234 965 -786 762 599 -911 -975 418 388 0 -241 727 760 -956 8 182 -716 427 654 -593 546 -47 -439 665 792 979 807 270 -284 -797 27 -176 -594 -466 846 -631 -860 947 -779 -385 392 -646 26 -2 -788 146 319 -118 -649 -544 856 293 -313 826 -613 299 -42 47 -220 802 -573 701 -697 -604 333 264 995 39 -958 378 34 -715 -95 -988 -363 -475 -319 -858 358 -85 745 -441 -388 896 -537 109 984 -215 -467 -422 422 994 -97 -800 -125
-57 429 26 -611 550 188 -708 -222 219 182 619 992 -288 24 390 583 -480 473 -515 867 873 -929 242 -31 453 82 586 793 388 -701 -325 -972 -982 943 -251 -172 281 819 431 -550 257 422 818 23 -265 363 761 509 -577 830 480 557 86 -865 -34 -142 216 -278 -923 -193 -426 594 -425 -405 409 455 -59 -606 -963 -524 -72 -450 -957 -713 508 415 495 -857 -457 -389 932 -500 -370 -958 58 -423 -93 -79 -380 138 -610 207 785 -309 -201 750 -793 51 229 833
493 -351 607 155 246 846 734 -301 615 -160 514 -813 -678 -880 991 -865 -779 -636 -711 526 322 845 -80 -162 194 -374 -21 -255 396 -694 -592 854 -46 -292 272 828 540 369 446 647 170 946 949 -518 -589 606 -171 377 91 -484 209 -51 356 831 -430 366 931 -980 -857 -942 836 745 352 962 22 -394 -156 474 437 583 -706 496 188 82 -780 679 32 868 757 210 387 -423 -16 -553 365 -35 987 -520 55 281 471 547 -961 661 907 -32 582 958 -968 350
897 -343 -78 714 941 -933 601 -98 -491 448 -49 -67 783 -862 -902 -207 689 766 683 -556 830 165 437 866 852 572 -622 366 -542 -863 -748 116 300 -44 184 -970 -613 259 -766 835 -560 539 -918 169 -938 972 820 895 -852 -641 987 322 286 -803 764 540 811 -400 -132 253 66 961 809 -911 252 -760 119 -289 42 -674 833 77 445 -949 723 45 95 532 490 -754 617 698 -737 -890 -662 205 -107 -924 113 -937 -558 -651 298 -979 -386 -677 472 -211 -467 856
[RUN #45 100 100]
-618 -695 -424 -711 -667 -532 90 888 586 369 -175 -498 -934 76 576 -719 -975 -881 -658 -123 -996 97 909 -851 -784 -431 -731 -825 -463 -458 -248 -6 -139 522 474 168 -742 53 -666 241 -262 358 876 203 679 703 856 318 -619 -333 -194 -282 824 -935 100 -572 -744 778 -416 -725 -556 72 -793 404 -353 631 627 -953 -789 -958 -672 791 -848 -62 -430 519 -65 -985 -654 500 893 -28 954 -237 -813 -832 -955 438 -998 865 -396 -948 -952 -390 -340 -574 67 217 775 351
170 822 496 -81 989 584 563 267 939 -228 525 -472 99 440 204 -573 -521 -776 846 -675 -678 28 958 -950 -32 849 121 -137 -334 -400 574 -417 38 -388 -475 -969 -699 119 -852 -889 -37 980 -937 272 653 -498 -265 -960 -911 -812 -689 -235 238 -622 -630 904 -555 -63 -9 843 -605 -155 114 344 195 -642 -487 845 417 -35 -432 178 351 104 -289 -72 458 714 422 -454 -505 -85 -122 692 147 -595 -513 -469 -322 -913 691 -998 -975 -366 384 -907 702 636 -664 -162
438 227 47 -616 352 -731 -822 766 -128 940 -649 247 -175 -746 -964 -633 -468 319 -655 331 -489 -875 -539 339 -46 176 446 -342 -429 930 61 562 -214 -502 -575 -777 -73 315 -291 28 -863 -324 546 478 174 -646 -582 -753 11 276 297 -997 -519 591 -889 -542 782 -560 -386 -334 601 959 -79 542 -296 -482 -477 871 -672 282 142 -683 308 232 653 759 474 -734 -566 -361 -817 925 776 585 945 105 72 -606 34 58 122 99 -564 -444 -242 -75 224 32 -943 650
775 126 -805 -583 406 -313 -362 -358 -965 92 -121 788 425 -872 330 370 770 -776 -552 -19 664 -339 -132 -787 -587 85 -986 44 -484 -655 -447 825 -71 -906 667 993 -260 -653 860 13 -485 -365 -924 473 -442 902 -280 740 -153 -243 -75 896 74 134 -698 592 -359 124 -147 -332 783 923 -867 -331 683 95 520 827 444 808 558 338 -705 689 -668 -318 -146 878 -378 -645 650 563 601 -22 608 861 -945 761 573 292 -327 -573 48 25 -916 -161 -581 -796 -756 -702
22 -770 545 -688 -295 -960 970 -419 -630 -646 330 -232 958 469 -104 -762 876 -490 -574 -591 -909 -299 39 456 774 -465 807 81 -583 888 -981 -817 -996 -344 248 604 676 -752 -340 -193 -961 388 347 272 -720 89 -528 -946 5 -644 -108 238 154 -399 -371 -798 -13 353 -476 -816 -786 425 -406 -440 928 -117 -195 -425 -347 617 -322 406 925 -22 59 -286 -717 688 697 679 847 521 312 165 -665 -654 -4 -892 319 -267 752 -417 955 -73 -69 -457 -603 841 968 -237
441 -540 -665 -682 454 -490 -375 756 299 -454 481 -52 84 669 461 286 695 -401 875 642 -479 -642 -812 -993 480 -299 -773 910 -928 134 -892 -148 -261 -800 407 -448 -808 -918 -688 -398 -745 -224 327 -689 9 499 713 -555 -19 -939 91 156 -929 -987 -962 -362 743 894 532 -849 788 -62 405 298 -855 593 533 659 -949 -96 -794 371 310 314 674 652 -899 -786 514 768 -163 20 192 26 -991 148 -613 359 448 730 609 427 93 -440 47 -713 365 -38 983 -459
[RUN #46 4 100]
-356 721 -166 -77
327 914 275 548
563 267 -348 -336
708 -16 739 -614
-159 -46 79 325
561 663 -768 659
-364 -125 747 948
517 -52 -61 456
14 82 139 380
-346 358 -266 115
987 417 -179 -5
-301 649 129 317
-230 -965 895 202
-796 931 -930 277
231 958 -194 331
-762 -483 -114 77
-290 -137 421 239
656 -526 244 -862
524 699 -666 -954
-501 630 617 961
747 -269 150 146
808 383 767 996
-49 966 -37 366
-334 132 130 -955
-100 -143 720 457
-45 643 -467 -173
264 515 877 -938
-14 -903 -535 -545
-176 751 148 -439
-694 -689 301 -263
584 -355 470 85
654 21 230 -503
-459 -525 -325 944
328 -918 76 -72
-55 -411 677 -684
-172 329 -990 -470
518 -536 352 527
-758 -374 647 -402
-841 778 980 929
-420 196 327 492
798 965 244 623
-292 -451 -519 -988
69 494 -142 -171
83 648 267 -749
55 -787 393 -563
-259 45 829 853
575 57 -50 295
-216 846 448 415
-780 -90 475 -16
582 -960 499 -633
-834 695 715 -168
-179 -924 241 883
-701 -868 699 316
953 984 -80 381
-614 -379 -604 721
-858 -801 -745 -945
-416 130 -301 -951
983 -519 505 216
891 -696 356 113
-686 -380 276 550
996 103 -481 230
854 814 -186 -882
919 405 723 58
-22 -888 -698 13
137 -804 -226 -274
184 684 -774 497
-151 -232 -429 194
788 652 782 936
939 795 -366 73
299 -756 920 -785
-616 -647 419 -99
135 126 -450 -345
-289 192 -240 -994
394 686 -285 472
-771 -924 904 -83
849 -942 -269 445
-201 -974 -690 -542
-60 202 929 80
-115 -180 409 -463
-244 647 -824 -906
-375 -22 -388 197
-115 -645 965 -119
-308 252 -569 343
-885 -904 -501 845
-878 -382 -62 992
-35 139 581 70
-528 73 -447 664
794 -534 923 651
86 494 10 -422
173 842 -771 -71
-622 -532 -514 151
-978 409 653 654
-626 -83 770 -471
-665 -896 -679 -65
-716 -655 -927 -942
-742 329 -953 -428
710 -183 -591 464
-226 269 -784 -222
171 -943 689 -175
-54 -369 -10 -325
[RUN #47 5 100]
717 -988 69 132 -741
-875 434 172 -929 677
412 -339 657 -165 -198
593 -902 71 -466 -135
742 -882 366 -842 967
524 835 -977 56 822
-1 692 631 -806 -585
990 819 232 -255 -625
667 -21 -330 -348 692
-635 686 598 -731 950
-717 -441 -777 533 -41
980 -694 -400 169 482
225 -23 -96 -909 -673
225 178 475 -647 31
243 -77 239 -346 105
811 -760 -383 -317 -23
823 -315 592 -699 159
996 798 111 -960 -480
515 561 -629 -774 372
-480 454 -286 -704 -596
-967 492 366 -470 277
321 728 845 -60 161
-910 -341 -87 -735 826
-378 -583 -65 906 824
-118 -215 -525 -766 31
-752 -697 718 164 -875
-147 113 -111 -340 -730
-611 -309 -988 944 929
-138 956 679 447 763
-488 980 100 -996 336
183 627 952 -716 -255
-618 456 -974 278 -879
-641 958 515 867 -434
-204 -69 843 558 708
-77 632 732 -209 -248
645 -997 -596 126 -815
-562 879 290 -443 616
834 -167 -416 80 451
-219 265 340 581 167
-158 -885 -37 465 344
971 -705 912 -139 -332
-544 854 244 -953 -379
-315 171 -482 675 -261
657 -565 861 -752 985
-565 -14 -155 -390 941
-94 446 746 -255 518
-653 224 41 518 482
751 -193 -334 412 690
-948 665 162 -670 -289
521 -36 468 -431 -591
-488 -875 -858 714 -527
-749 -106 903 -68 -500
-292 7 -80 74 -62
808 218 698 -211 -618
60 -677 484 230 698
803 -918 596 218 865
819 488 -229 -776 -242
-204 -453 905 806 597
-23 662 -717 291 -416
543 -880 851 -570 -879
-580 757 -906 -93 364
808 893 -489 -80 -992
-803 -381 -244 -661 913
-888 -610 -378 151 974
999 463 -868 -818 -548
-668 397 -720 505 503
251 -30 -505 714 269
-453 -896 -749 -754 -125
764 735 -345 -916 658
-725 -127 -887 -489 -408
669 -841 -715 356 409
-67 -195 -815 -45 858
-994 -634 -48 -869 572
999 868 -730 857 -651
11 578 755 743 513
140 -699 -323 69 451
184 -620 695 936 -659
-125 -788 903 -191 -390
209 -828 -871 676 -777
-830 -616 52 985 121
-966 894 157 357 -609
759 -465 283 705 653
525 726 -265 -522 853
858 508 -794 783 -433
-659 -453 -307 808 444
-250 -498 877 721 -662
428 715 403 -21 49
318 -745 316 -114 -230
268 79 -703 -272 827
615 -135 382 -830 -912
830 -822 -572 839 -498
-192 600 -434 331 254
-931 390 -193 639 -393
-50 818 -283 -162 -850
187 533 -627 -439 -670
-487 -248 -154 -104 -646
-634 876 -57 113 600
357 828 893 -279 841
-866 -189 -579 -921 -127
685 294 115 -674 -551
[RUN #48 3 100]
-959 163 420
317 341 -419
-123 -200 -121
514 52 -705
284 -686 134
-848 553 832
-210 283 949
-259 405 136
112 -561 -187
435 282 -685
639 746 -370
-685 -853 -298
-210 135 706
-113 510 444
-619 840 -374
-651 472 -431
135 958 461
-564 -510 -304
-162 -252 -220
776 490 574
228 -312 545
57 -602 -43
938 474 701
-356 -440 282
936 8 764
-629 704 -400
-145 689 915
-94 262 -341
-599 375 -120
435 587 -279
383 -656 212
-77 -523 -876
485 38 515
723 475 979
754 -791 808
-607 560 -919
816 -716 914
858 -482 -349
-790 656 -640
876 -152 123
454 -602 476
119 -253 459
815 -71 -495
603 201 -123
-334 -574 -590
833 -785 -1
606 960 66
800 403 -193
-628 567 -266
995 -69 -256
-364 -941 452
-824 962 535
-366 -847 -994
731 -980 12
279 -131 -232
-436 843 495
593 -278 609
-156 -943 -861
-264 267 -983
-404 574 623
-567 -940 -383
-66 -189 -856
64 233 -191
727 -75 -527
-583 -56 209
-85 2 823
68 622 843
240 -926 -764
335 -239 -765
743 -322 -741
-36 -905 -19
899 -703 159
-148 96 568
939 -975 947
300 622 -742
928 77 -876
400 -61 931
-527 -730 818
-176 -963 -903
-616 313 400
-613 -110 930
-223 -698 979
-216 647 538
-518 665 670
981 -524 -932
-862 -295 -952
510 -285 827
716 740 677
-990 -132 -430
-934 332 958
630 -307 312
651 -383 -399
518 -638 -485
339 919 -207
476 -494 -168
-126 508 -43
-638 499 -376
339 -932 -558
977 284 -540
897 567 -898
[RUN #49 2 100]
222 -283
897 -452
-358 -343
-778 669
128 -918
-322 935
-558 -228
-879 931
566 298
256 -382
-730 923
-456 -339
506 -298
-467 933
-30 706
-14 212
236 -267
730 483
212 814
19 513
-748 -898
-404 -455
-221 170
805 -663
-253 866
-829 759
417 -872
-31 204
-458 -703
236 -850
241 86
-593 -181
323 702
96 -753
-25 957
346 -662
452 -836
-744 -869
60 -410
-187 -704
198 230
-343 140
-940 291
